Family,Num_C,Common_Name,SMILES,InChI,Tc,Tc_units,Tc_err,Tc_source,Pc,Pc_units,Pc_err,Pc_source,Vc,Vc_units,Vc_err,Vc_source,Tb,Tb_units,Tb_err,Tb_source,Tm,Tm_units,Tm_err,Tm_source,dH_f_stp,dH_f_stp_units,dH_f_stp_err,dH_f_stp_source,dH_v_stp,dH_v_stp_units,dH_v_stp_err,dH_v_stp_source,acentric,acentric_units,acentric_err,acentric_source,Vm_stp,Vm_stp_units,Vm_stp_err,Vm_stp_source,YSI,YSI_units,YSI_err,YSI_source,DCN,DCN_units,DCN_err,DCN_source
alkylbenzene,7,toluene,CC1=CC=CC=C1,"InChI=1S/C7H8/c1-7-5-3-2-4-6-7/h2-6H,1H3",596.171639602826,kelvin,,Constantinou-Gani GCM (FuelLib),41.87815095548798,bar,,Constantinou-Gani GCM (FuelLib),0.31024999999999997,meter ** 3 / kilomole,,Constantinou-Gani GCM (FuelLib),386.1159486265242,kelvin,,Constantinou-Gani GCM (FuelLib),227.2796481293837,kelvin,,Constantinou-Gani GCM (FuelLib),47.537,kilojoule / mole,,Constantinou-Gani GCM (FuelLib),37.095,kilojoule / mole,,Constantinou-Gani GCM (FuelLib),0.0536860734460488,dimensionless,,Constantinou-Gani GCM (FuelLib),0.10701,meter ** 3 / kilomole,,Constantinou-Gani GCM (FuelLib),170.9,dimensionless,7.7,measured_name,9.0,dimensionless,3.0,literature_seed_VERIFY_vs_NREL_compendium
alkylbenzene,8,ethyl benzene,CCC1=CC=CC=C1,"InChI=1S/C8H10/c1-2-8-6-4-3-5-7-8/h3-7H,2H2,1H3",620.0557143,kelvin,,Constantinou-Gani GCM (FuelLib),36.04596765,bar,,Constantinou-Gani GCM (FuelLib),0.38265,meter ** 3 / kilomole,,Constantinou-Gani GCM (FuelLib),411.3735499,kelvin,,Constantinou-Gani GCM (FuelLib),-95.0,celsius,,https://doi.org/10.6084/m9.figshare.1031638,30.237,kilojoule / mole,,Constantinou-Gani GCM (FuelLib),41.62,kilojoule / mole,,Constantinou-Gani GCM (FuelLib),0.066971302,dimensionless,,Constantinou-Gani GCM (FuelLib),0.12341,meter ** 3 / kilomole,,Constantinou-Gani GCM (FuelLib),223.7,dimensionless,9.3,measured_name,10.89473684,dimensionless,6.0,family_fit_alkyl_benzene
alkylbenzene,9,propyl benzene,CCCC1=CC=CC=C1,"InChI=1S/C9H12/c1-2-6-9-7-4-3-5-8-9/h3-5,7-8H,2,6H2,1H3",639.5862522,kelvin,,Constantinou-Gani GCM (FuelLib),32.09116716,bar,,Constantinou-Gani GCM (FuelLib),0.43845,meter ** 3 / kilomole,,Constantinou-Gani GCM (FuelLib),435.1226992,kelvin,,Constantinou-Gani GCM (FuelLib),-99.0,celsius,,https://doi.org/10.6084/m9.figshare.1031638,9.474,kilojoule / mole,,Constantinou-Gani GCM (FuelLib),46.27,kilojoule / mole,,Constantinou-Gani GCM (FuelLib),0.101546162,dimensionless,,Constantinou-Gani GCM (FuelLib),0.13981,meter ** 3 / kilomole,,Constantinou-Gani GCM (FuelLib),235.7,dimensionless,9.9,measured_name,14.15789474,dimensionless,6.0,family_fit_alkyl_benzene
alkylbenzene,10,butyl benzene,CCCCC1=CC=CC=C1,"InChI=1S/C10H14/c1-2-3-7-10-8-5-4-6-9-10/h4-6,8-9H,2-3,7H2,1H3",657.2143388,kelvin,,Constantinou-Gani GCM (FuelLib),28.77628956,bar,,Constantinou-Gani GCM (FuelLib),0.49425,meter ** 3 / kilomole,,Constantinou-Gani GCM (FuelLib),456.3970062,kelvin,,Constantinou-Gani GCM (FuelLib),-88.0,celsius,,https://doi.org/10.6084/m9.figshare.1031638,-11.289,kilojoule / mole,,Constantinou-Gani GCM (FuelLib),50.92,kilojoule / mole,,Constantinou-Gani GCM (FuelLib),0.139351069,dimensionless,,Constantinou-Gani GCM (FuelLib),0.15621,meter ** 3 / kilomole,,Constantinou-Gani GCM (FuelLib),245.1,dimensionless,9.9,measured_formula_kw_butyl,14.0,dimensionless,3.0,literature_seed_VERIFY_vs_NREL_compendium
alkylbenzene,11,pentyl benzene,CCCCCC1=CC=CC=C1,"InChI=1S/C11H16/c1-2-3-5-8-11-9-6-4-7-10-11/h4,6-7,9-10H,2-3,5,8H2,1H3",673.277929,kelvin,,Constantinou-Gani GCM (FuelLib),25.97036814,bar,,Constantinou-Gani GCM (FuelLib),0.55005,meter ** 3 / kilomole,,Constantinou-Gani GCM (FuelLib),475.6639346,kelvin,,Constantinou-Gani GCM (FuelLib),245.5112673,kelvin,,Constantinou-Gani GCM (FuelLib),-32.052,kilojoule / mole,,Constantinou-Gani GCM (FuelLib),55.57,kilojoule / mole,,Constantinou-Gani GCM (FuelLib),0.179387068,dimensionless,,Constantinou-Gani GCM (FuelLib),0.17261,meter ** 3 / kilomole,,Constantinou-Gani GCM (FuelLib),255.0,dimensionless,10.5,measured_formula_kw_pentyl,20.68421053,dimensionless,6.0,family_fit_alkyl_benzene
alkylbenzene,12,hexyl benzene,CCCCCCC1=CC=CC=C1,"InChI=1S/C12H18/c1-2-3-4-6-9-12-10-7-5-8-11-12/h5,7-8,10-11H,2-4,6,9H2,1H3",688.0322259,kelvin,,Constantinou-Gani GCM (FuelLib),23.57430372,bar,,Constantinou-Gani GCM (FuelLib),0.60585,meter ** 3 / kilomole,,Constantinou-Gani GCM (FuelLib),493.2698561,kelvin,,Constantinou-Gani GCM (FuelLib),253.7850329,kelvin,,Constantinou-Gani GCM (FuelLib),-52.815,kilojoule / mole,,Constantinou-Gani GCM (FuelLib),60.22,kilojoule / mole,,Constantinou-Gani GCM (FuelLib),0.220946988,dimensionless,,Constantinou-Gani GCM (FuelLib),0.18901,meter ** 3 / kilomole,,Constantinou-Gani GCM (FuelLib),246.7,dimensionless,9.9,measured_formula_kw_hexyl,26.0,dimensionless,6.0,literature_seed_VERIFY_vs_NREL_compendium
alkylbenzene,13,heptyl benzene,CCCCCCCC1=CC=CC=C1,"InChI=1S/C13H20/c1-2-3-4-5-7-10-13-11-8-6-9-12-13/h6,8-9,11-12H,2-5,7,10H2,1H3",701.6746703,kelvin,,Constantinou-Gani GCM (FuelLib),21.51199302,bar,,Constantinou-Gani GCM (FuelLib),0.66165,meter ** 3 / kilomole,,Constantinou-Gani GCM (FuelLib),509.4785703,kelvin,,Constantinou-Gani GCM (FuelLib),261.4401189,kelvin,,Constantinou-Gani GCM (FuelLib),-73.578,kilojoule / mole,,Constantinou-Gani GCM (FuelLib),64.87,kilojoule / mole,,Constantinou-Gani GCM (FuelLib),0.263520567,dimensionless,,Constantinou-Gani GCM (FuelLib),0.20541,meter ** 3 / kilomole,,Constantinou-Gani GCM (FuelLib),257.1,dimensionless,10.5,measured_formula_unique,27.21052632,dimensionless,6.0,family_fit_alkyl_benzene
alkylbenzene,14,octyl benzene,CCCCCCCCC1=CC=CC=C1,"InChI=1S/C14H22/c1-2-3-4-5-6-8-11-14-12-9-7-10-13-14/h7,9-10,12-13H,2-6,8,11H2,1H3",714.3611565,kelvin,,Constantinou-Gani GCM (FuelLib),19.72421022,bar,,Constantinou-Gani GCM (FuelLib),0.71745,meter ** 3 / kilomole,,Constantinou-Gani GCM (FuelLib),524.4956294,kelvin,,Constantinou-Gani GCM (FuelLib),268.5626475,kelvin,,Constantinou-Gani GCM (FuelLib),-94.341,kilojoule / mole,,Constantinou-Gani GCM (FuelLib),69.52,kilojoule / mole,,Constantinou-Gani GCM (FuelLib),0.306733967,dimensionless,,Constantinou-Gani GCM (FuelLib),0.22181,meter ** 3 / kilomole,,Constantinou-Gani GCM (FuelLib),257.1,dimensionless,10.5,measured_formula_unique,30.47368421,dimensionless,6.0,family_fit_alkyl_benzene
alkylbenzene,15,nonyl benzene,CCCCCCCCCC1=CC=CC=C1,"InChI=1S/C15H24/c1-2-3-4-5-6-7-9-12-15-13-10-8-11-14-15/h8,10-11,13-14H,2-7,9,12H2,1H3",726.2169288,kelvin,,Constantinou-Gani GCM (FuelLib),18.16430687,bar,,Constantinou-Gani GCM (FuelLib),0.77325,meter ** 3 / kilomole,,Constantinou-Gani GCM (FuelLib),538.4843167,kelvin,,Constantinou-Gani GCM (FuelLib),275.2219225,kelvin,,Constantinou-Gani GCM (FuelLib),-115.104,kilojoule / mole,,Constantinou-Gani GCM (FuelLib),74.17,kilojoule / mole,,Constantinou-Gani GCM (FuelLib),0.350309982,dimensionless,,Constantinou-Gani GCM (FuelLib),0.23821,meter ** 3 / kilomole,,Constantinou-Gani GCM (FuelLib),283.2,dimensionless,11.6,measured_formula_unique,33.73684211,dimensionless,6.0,family_fit_alkyl_benzene
diaromatic,10,naphthalene,C1=CC2=CC=CC=C2C=C1,InChI=1S/C10H8/c1-2-6-10-8-4-3-7-9(10)5-1/h1-8H,739.0203997,kelvin,,Constantinou-Gani GCM (FuelLib),38.36104349,bar,,Constantinou-Gani GCM (FuelLib),0.41285,meter ** 3 / kilomole,,Constantinou-Gani GCM (FuelLib),484.1589725,kelvin,,Constantinou-Gani GCM (FuelLib),255.8293964,kelvin,,Constantinou-Gani GCM (FuelLib),154.379,kilojoule / mole,,Constantinou-Gani GCM (FuelLib),64.717,kilojoule / mole,,Constantinou-Gani GCM (FuelLib),0.207527675,dimensionless,,Constantinou-Gani GCM (FuelLib),0.12651,meter ** 3 / kilomole,,Constantinou-Gani GCM (FuelLib),466.1,dimensionless,8.4,measured_name,3.0,dimensionless,3.0,literature_seed_VERIFY_vs_NREL_compendium
diaromatic,11,1-methyl naphthalene,CC1=CC2=CC=CC=C2C=C1,"InChI=1S/C11H10/c1-9-6-7-10-4-2-3-5-11(10)8-9/h2-8H,1H3",752.2419828,kelvin,,Constantinou-Gani GCM (FuelLib),33.5364843,bar,,Constantinou-Gani GCM (FuelLib),0.47425,meter ** 3 / kilomole,,Constantinou-Gani GCM (FuelLib),503.0857721,kelvin,,Constantinou-Gani GCM (FuelLib),259.1180644,kelvin,,Constantinou-Gani GCM (FuelLib),123.947,kilojoule / mole,,Constantinou-Gani GCM (FuelLib),70.395,kilojoule / mole,,Constantinou-Gani GCM (FuelLib),0.241698549,dimensionless,,Constantinou-Gani GCM (FuelLib),0.14221,meter ** 3 / kilomole,,Constantinou-Gani GCM (FuelLib),649.1,dimensionless,24.7,measured_name,3.0,dimensionless,3.0,literature_seed_VERIFY_vs_NREL_compendium
diaromatic,12,1-ethyl naphthalene,CCC1=CC2=CC=CC=C2C=C1,"InChI=1S/C12H12/c1-2-10-7-8-11-5-3-4-6-12(11)9-10/h3-9H,2H2,1H3",762.718644,kelvin,,Constantinou-Gani GCM (FuelLib),29.35931312,bar,,Constantinou-Gani GCM (FuelLib),0.54665,meter ** 3 / kilomole,,Constantinou-Gani GCM (FuelLib),517.7172386,kelvin,,Constantinou-Gani GCM (FuelLib),250.7754207,kelvin,,Constantinou-Gani GCM (FuelLib),106.647,kilojoule / mole,,Constantinou-Gani GCM (FuelLib),74.92,kilojoule / mole,,Constantinou-Gani GCM (FuelLib),0.259725069,dimensionless,,Constantinou-Gani GCM (FuelLib),0.15861,meter ** 3 / kilomole,,Constantinou-Gani GCM (FuelLib),732.7,dimensionless,27.4,measured_name,3.0,dimensionless,6.0,holdlargest_di_arom
diaromatic,13,1-propyl naphthalene,CCCC1=CC2=CC=CC=C2C=C1,"InChI=1S/C13H14/c1-2-5-11-8-9-12-6-3-4-7-13(12)10-11/h3-4,6-10H,2,5H2,1H3",771.8652786,kelvin,,Constantinou-Gani GCM (FuelLib),26.46577144,bar,,Constantinou-Gani GCM (FuelLib),0.60245,meter ** 3 / kilomole,,Constantinou-Gani GCM (FuelLib),532.1614055,kelvin,,Constantinou-Gani GCM (FuelLib),258.6502202,kelvin,,Constantinou-Gani GCM (FuelLib),85.884,kilojoule / mole,,Constantinou-Gani GCM (FuelLib),79.57,kilojoule / mole,,Constantinou-Gani GCM (FuelLib),0.302894256,dimensionless,,Constantinou-Gani GCM (FuelLib),0.17501,meter ** 3 / kilomole,,Constantinou-Gani GCM (FuelLib),882.5666667,dimensionless,23.42880468,extrapolated_di_arom,3.0,dimensionless,6.0,holdlargest_di_arom
cycloaromatic,9,indane,C1CC2=CC=CC=C2C1,"InChI=1S/C9H10/c1-2-5-9-7-3-6-8(9)4-1/h1-2,4-5H,3,6-7H2",660.7469548,kelvin,,Constantinou-Gani GCM (FuelLib),37.81639178,bar,,Constantinou-Gani GCM (FuelLib),0.41359,meter ** 3 / kilomole,,Constantinou-Gani GCM (FuelLib),442.7699117,kelvin,,Constantinou-Gani GCM (FuelLib),-51.0,celsius,,https://doi.org/10.6084/m9.figshare.1031638,67.418,kilojoule / mole,,Constantinou-Gani GCM (FuelLib),47.673,kilojoule / mole,,Constantinou-Gani GCM (FuelLib),0.045781771,dimensionless,,Constantinou-Gani GCM (FuelLib),0.12184,meter ** 3 / kilomole,,Constantinou-Gani GCM (FuelLib),439.5,dimensionless,16.6,measured_name,11.0,dimensionless,6.0,holdlargest_cyclo_arom
cycloaromatic,10,tetralin,C1CCC2=CC=CC=C2C1,"InChI=1S/C10H12/c1-2-6-10-8-4-3-7-9(10)5-1/h1-2,5-6H,3-4,7-8H2",682.9962827,kelvin,,Constantinou-Gani GCM (FuelLib),32.90488305,bar,,Constantinou-Gani GCM (FuelLib),0.49441,meter ** 3 / kilomole,,Constantinou-Gani GCM (FuelLib),463.3812273,kelvin,,Constantinou-Gani GCM (FuelLib),237.0417933,kelvin,,Constantinou-Gani GCM (FuelLib),23.213,kilojoule / mole,,Constantinou-Gani GCM (FuelLib),51.986,kilojoule / mole,,Constantinou-Gani GCM (FuelLib),0.036953043,dimensionless,,Constantinou-Gani GCM (FuelLib),0.13674,meter ** 3 / kilomole,,Constantinou-Gani GCM (FuelLib),336.0,dimensionless,13.4,measured_name,11.0,dimensionless,4.0,literature_seed_VERIFY_vs_NREL_compendium
cycloaromatic,11,2-methyl tetralin,CC1CCC2=CC=CC=C2C1,"InChI=1S/C11H14/c1-9-6-7-10-4-2-3-5-11(10)8-9/h2-5,9H,6-8H2,1H3",692.0256585,kelvin,,Constantinou-Gani GCM (FuelLib),29.46116855,bar,,Constantinou-Gani GCM (FuelLib),0.54511,meter ** 3 / kilomole,,Constantinou-Gani GCM (FuelLib),475.107095,kelvin,,Constantinou-Gani GCM (FuelLib),235.9743213,kelvin,,Constantinou-Gani GCM (FuelLib),-5.737,kilojoule / mole,,Constantinou-Gani GCM (FuelLib),54.223,kilojoule / mole,,Constantinou-Gani GCM (FuelLib),0.052110551,dimensionless,,Constantinou-Gani GCM (FuelLib),0.15354,meter ** 3 / kilomole,,Constantinou-Gani GCM (FuelLib),336.0,dimensionless,13.4,holdlargest_cyclo_arom,11.0,dimensionless,6.0,holdlargest_cyclo_arom
cycloaromatic,12,2-ethly tetralin,CCC1CCC2=CC=CC=C2C1,"InChI=1S/C12H16/c1-2-10-7-8-11-5-3-4-6-12(11)9-10/h3-6,10H,2,7-9H2,1H3",705.3813121,kelvin,,Constantinou-Gani GCM (FuelLib),26.55223486,bar,,Constantinou-Gani GCM (FuelLib),0.60091,meter ** 3 / kilomole,,Constantinou-Gani GCM (FuelLib),492.7590384,kelvin,,Constantinou-Gani GCM (FuelLib),245.0208035,kelvin,,Constantinou-Gani GCM (FuelLib),-26.5,kilojoule / mole,,Constantinou-Gani GCM (FuelLib),58.873,kilojoule / mole,,Constantinou-Gani GCM (FuelLib),0.084685882,dimensionless,,Constantinou-Gani GCM (FuelLib),0.16994,meter ** 3 / kilomole,,Constantinou-Gani GCM (FuelLib),336.0,dimensionless,13.4,holdlargest_cyclo_arom,11.0,dimensionless,6.0,holdlargest_cyclo_arom
cycloaromatic,13,2-propyl tetralin,CCCC1CCC2=CC=CC=C2C1,"InChI=1S/C13H18/c1-2-5-11-8-9-12-6-3-4-7-13(12)10-11/h3-4,6-7,11H,2,5,8-10H2,1H3",717.8194408,kelvin,,Constantinou-Gani GCM (FuelLib),24.07282332,bar,,Constantinou-Gani GCM (FuelLib),0.65671,meter ** 3 / kilomole,,Constantinou-Gani GCM (FuelLib),509.006748,kelvin,,Constantinou-Gani GCM (FuelLib),253.3327143,kelvin,,Constantinou-Gani GCM (FuelLib),-47.263,kilojoule / mole,,Constantinou-Gani GCM (FuelLib),63.523,kilojoule / mole,,Constantinou-Gani GCM (FuelLib),0.121107677,dimensionless,,Constantinou-Gani GCM (FuelLib),0.18634,meter ** 3 / kilomole,,Constantinou-Gani GCM (FuelLib),336.0,dimensionless,13.4,holdlargest_cyclo_arom,11.0,dimensionless,6.0,holdlargest_cyclo_arom
cycloaromatic,14,2-butyl tetralin,CCCCC1CCC2=CC=CC=C2C1,"InChI=1S/C14H20/c1-2-3-6-12-9-10-13-7-4-5-8-14(13)11-12/h4-5,7-8,12H,2-3,6,9-11H2,1H3",729.458048,kelvin,,Constantinou-Gani GCM (FuelLib),21.94235328,bar,,Constantinou-Gani GCM (FuelLib),0.71251,meter ** 3 / kilomole,,Constantinou-Gani GCM (FuelLib),524.0572709,kelvin,,Constantinou-Gani GCM (FuelLib),261.0204403,kelvin,,Constantinou-Gani GCM (FuelLib),-68.026,kilojoule / mole,,Constantinou-Gani GCM (FuelLib),68.173,kilojoule / mole,,Constantinou-Gani GCM (FuelLib),0.160189841,dimensionless,,Constantinou-Gani GCM (FuelLib),0.20274,meter ** 3 / kilomole,,Constantinou-Gani GCM (FuelLib),336.0,dimensionless,13.4,holdlargest_cyclo_arom,11.0,dimensionless,6.0,holdlargest_cyclo_arom
iso-alkane,7,2-methyl hexane,CC(C)CCCC,"InChI=1S/C7H16/c1-4-5-6-7(2)3/h7H,4-6H2,1-3H3",533.4146961,kelvin,,Constantinou-Gani GCM (FuelLib),28.07608841,bar,,Constantinou-Gani GCM (FuelLib),0.42355,meter ** 3 / kilomole,,Constantinou-Gani GCM (FuelLib),363.532943,kelvin,,Constantinou-Gani GCM (FuelLib),155.4027847,kelvin,,Constantinou-Gani GCM (FuelLib),-193.921,kilojoule / mole,,Constantinou-Gani GCM (FuelLib),36.19,kilojoule / mole,,Constantinou-Gani GCM (FuelLib),0.321645173,dimensionless,,Constantinou-Gani GCM (FuelLib),0.14804,meter ** 3 / kilomole,,Constantinou-Gani GCM (FuelLib),42.4,dimensionless,2.0,measured_name,26.51578947,dimensionless,10.0,offset_rule_jet_multibranched_CALIBRATED
iso-alkane,8,2-methyl heptane,CC(C)CCCCC,"InChI=1S/C8H18/c1-4-5-6-7-8(2)3/h8H,4-7H2,1-3H3",563.9600955,kelvin,,Constantinou-Gani GCM (FuelLib),25.37429702,bar,,Constantinou-Gani GCM (FuelLib),0.47935,meter ** 3 / kilomole,,Constantinou-Gani GCM (FuelLib),393.1121915,kelvin,,Constantinou-Gani GCM (FuelLib),174.3141608,kelvin,,Constantinou-Gani GCM (FuelLib),-214.684,kilojoule / mole,,Constantinou-Gani GCM (FuelLib),40.84,kilojoule / mole,,Constantinou-Gani GCM (FuelLib),0.365294848,dimensionless,,Constantinou-Gani GCM (FuelLib),0.16444,meter ** 3 / kilomole,,Constantinou-Gani GCM (FuelLib),49.4,dimensionless,2.0,measured_name,31.64736842,dimensionless,10.0,offset_rule_jet_multibranched_CALIBRATED
iso-alkane,9,2-methyl octane,CC(C)CCCCCC,"InChI=1S/C9H20/c1-4-5-6-7-8-9(2)3/h9H,4-8H2,1-3H3",590.0900093,kelvin,,Constantinou-Gani GCM (FuelLib),23.06269736,bar,,Constantinou-Gani GCM (FuelLib),0.53515,meter ** 3 / kilomole,,Constantinou-Gani GCM (FuelLib),418.9464439,kelvin,,Constantinou-Gani GCM (FuelLib),190.2720593,kelvin,,Constantinou-Gani GCM (FuelLib),-235.447,kilojoule / mole,,Constantinou-Gani GCM (FuelLib),45.49,kilojoule / mole,,Constantinou-Gani GCM (FuelLib),0.409041051,dimensionless,,Constantinou-Gani GCM (FuelLib),0.18084,meter ** 3 / kilomole,,Constantinou-Gani GCM (FuelLib),60.2,dimensionless,2.0,measured_formula_kw_methyl,36.77894737,dimensionless,10.0,offset_rule_jet_multibranched_CALIBRATED
iso-alkane,10,2-methyl nonane,CC(C)CCCCCCC,"InChI=1S/C10H22/c1-4-5-6-7-8-9-10(2)3/h10H,4-9H2,1-3H3",612.9212459,kelvin,,Constantinou-Gani GCM (FuelLib),21.0696177,bar,,Constantinou-Gani GCM (FuelLib),0.59095,meter ** 3 / kilomole,,Constantinou-Gani GCM (FuelLib),441.8783121,kelvin,,Constantinou-Gani GCM (FuelLib),204.0755908,kelvin,,Constantinou-Gani GCM (FuelLib),-256.21,kilojoule / mole,,Constantinou-Gani GCM (FuelLib),50.14,kilojoule / mole,,Constantinou-Gani GCM (FuelLib),0.452741728,dimensionless,,Constantinou-Gani GCM (FuelLib),0.19724,meter ** 3 / kilomole,,Constantinou-Gani GCM (FuelLib),57.2,dimensionless,2.0,measured_formula_unique,41.91052632,dimensionless,10.0,offset_rule_jet_multibranched_CALIBRATED
iso-alkane,11,2-methyl decane,CC(C)CCCCCCCC,"InChI=1S/C11H24/c1-4-5-6-7-8-9-10-11(2)3/h11H,4-10H2,1-3H3",633.1940801,kelvin,,Constantinou-Gani GCM (FuelLib),19.33911744,bar,,Constantinou-Gani GCM (FuelLib),0.64675,meter ** 3 / kilomole,,Constantinou-Gani GCM (FuelLib),462.4945715,kelvin,,Constantinou-Gani GCM (FuelLib),216.2378601,kelvin,,Constantinou-Gani GCM (FuelLib),-276.973,kilojoule / mole,,Constantinou-Gani GCM (FuelLib),54.79,kilojoule / mole,,Constantinou-Gani GCM (FuelLib),0.496289258,dimensionless,,Constantinou-Gani GCM (FuelLib),0.21364,meter ** 3 / kilomole,,Constantinou-Gani GCM (FuelLib),64.7,dimensionless,2.0,measured_formula_unique,47.04210526,dimensionless,10.0,offset_rule_jet_multibranched_CALIBRATED
iso-alkane,12,2-methyl undecane,CC(C)CCCCCCCCC,"InChI=1S/C12H26/c1-4-5-6-7-8-9-10-11-12(2)3/h12H,4-11H2,1-3H3",651.4245449,kelvin,,Constantinou-Gani GCM (FuelLib),17.82701855,bar,,Constantinou-Gani GCM (FuelLib),0.70255,meter ** 3 / kilomole,,Constantinou-Gani GCM (FuelLib),481.2202779,kelvin,,Constantinou-Gani GCM (FuelLib),227.1080166,kelvin,,Constantinou-Gani GCM (FuelLib),-297.736,kilojoule / mole,,Constantinou-Gani GCM (FuelLib),59.44,kilojoule / mole,,Constantinou-Gani GCM (FuelLib),0.539602026,dimensionless,,Constantinou-Gani GCM (FuelLib),0.23004,meter ** 3 / kilomole,,Constantinou-Gani GCM (FuelLib),99.3,dimensionless,2.9,measured_formula_kw_methyl,52.17368421,dimensionless,10.0,offset_rule_jet_multibranched_CALIBRATED
iso-alkane,13,2-methyl dodecane,CC(C)CCCCCCCCCC,"InChI=1S/C13H28/c1-4-5-6-7-8-9-10-11-12-13(2)3/h13H,4-12H2,1-3H3",667.9867511,kelvin,,Constantinou-Gani GCM (FuelLib),16.49805776,bar,,Constantinou-Gani GCM (FuelLib),0.75835,meter ** 3 / kilomole,,Constantinou-Gani GCM (FuelLib),498.3732275,kelvin,,Constantinou-Gani GCM (FuelLib),236.9344306,kelvin,,Constantinou-Gani GCM (FuelLib),-318.499,kilojoule / mole,,Constantinou-Gani GCM (FuelLib),64.09,kilojoule / mole,,Constantinou-Gani GCM (FuelLib),0.582618241,dimensionless,,Constantinou-Gani GCM (FuelLib),0.24644,meter ** 3 / kilomole,,Constantinou-Gani GCM (FuelLib),94.94,dimensionless,8.526853939,extrapolated_iso_alkane,57.30526316,dimensionless,10.0,offset_rule_jet_multibranched_CALIBRATED
iso-alkane,14,2-methyl tridecane,CC(C)CCCCCCCCCCC,"InChI=1S/C14H30/c1-4-5-6-7-8-9-10-11-12-13-14(2)3/h14H,4-13H2,1-3H3",683.1605874,kelvin,,Constantinou-Gani GCM (FuelLib),15.32381186,bar,,Constantinou-Gani GCM (FuelLib),0.81415,meter ** 3 / kilomole,,Constantinou-Gani GCM (FuelLib),514.1972614,kelvin,,Constantinou-Gani GCM (FuelLib),245.9000975,kelvin,,Constantinou-Gani GCM (FuelLib),-339.262,kilojoule / mole,,Constantinou-Gani GCM (FuelLib),68.74,kilojoule / mole,,Constantinou-Gani GCM (FuelLib),0.625291364,dimensionless,,Constantinou-Gani GCM (FuelLib),0.26284,meter ** 3 / kilomole,,Constantinou-Gani GCM (FuelLib),104.2942857,dimensionless,8.526853939,extrapolated_iso_alkane,62.43684211,dimensionless,10.0,offset_rule_jet_multibranched_CALIBRATED
iso-alkane,15,2-methyl tetradecane,CC(C)CCCCCCCCCCCC,"InChI=1S/C15H32/c1-4-5-6-7-8-9-10-11-12-13-14-15(2)3/h15H,4-14H2,1-3H3",697.1609248,kelvin,,Constantinou-Gani GCM (FuelLib),14.2811652,bar,,Constantinou-Gani GCM (FuelLib),0.86995,meter ** 3 / kilomole,,Constantinou-Gani GCM (FuelLib),528.8835698,kelvin,,Constantinou-Gani GCM (FuelLib),254.1437417,kelvin,,Constantinou-Gani GCM (FuelLib),-360.025,kilojoule / mole,,Constantinou-Gani GCM (FuelLib),73.39,kilojoule / mole,,Constantinou-Gani GCM (FuelLib),0.667586667,dimensionless,,Constantinou-Gani GCM (FuelLib),0.27924,meter ** 3 / kilomole,,Constantinou-Gani GCM (FuelLib),113.6485714,dimensionless,8.526853939,extrapolated_iso_alkane,67.56842105,dimensionless,10.0,offset_rule_jet_multibranched_CALIBRATED
iso-alkane,16,2-methyl pentadecane,CC(C)CCCCCCCCCCCCC,"InChI=1S/C16H34/c1-4-5-6-7-8-9-10-11-12-13-14-15-16(2)3/h16H,4-15H2,1-3H3",710.1563158,kelvin,,Constantinou-Gani GCM (FuelLib),13.35116333,bar,,Constantinou-Gani GCM (FuelLib),0.92575,meter ** 3 / kilomole,,Constantinou-Gani GCM (FuelLib),542.5848379,kelvin,,Constantinou-Gani GCM (FuelLib),261.7730376,kelvin,,Constantinou-Gani GCM (FuelLib),-380.788,kilojoule / mole,,Constantinou-Gani GCM (FuelLib),78.04,kilojoule / mole,,Constantinou-Gani GCM (FuelLib),0.709478625,dimensionless,,Constantinou-Gani GCM (FuelLib),0.29564,meter ** 3 / kilomole,,Constantinou-Gani GCM (FuelLib),123.0028571,dimensionless,8.526853939,extrapolated_iso_alkane,72.7,dimensionless,10.0,offset_rule_jet_multibranched_CALIBRATED
iso-alkane,17,2-methyl hexadecane,CC(C)CCCCCCCCCCCCCC,"InChI=1S/C17H36/c1-4-5-6-7-8-9-10-11-12-13-14-15-16-17(2)3/h17H,4-16H2,1-3H3",722.2814187,kelvin,,Constantinou-Gani GCM (FuelLib),12.51814541,bar,,Constantinou-Gani GCM (FuelLib),0.98155,meter ** 3 / kilomole,,Constantinou-Gani GCM (FuelLib),555.4249381,kelvin,,Constantinou-Gani GCM (FuelLib),268.8732359,kelvin,,Constantinou-Gani GCM (FuelLib),-401.551,kilojoule / mole,,Constantinou-Gani GCM (FuelLib),82.69,kilojoule / mole,,Constantinou-Gani GCM (FuelLib),0.750948925,dimensionless,,Constantinou-Gani GCM (FuelLib),0.31204,meter ** 3 / kilomole,,Constantinou-Gani GCM (FuelLib),132.3571429,dimensionless,8.526853939,extrapolated_iso_alkane,77.83157895,dimensionless,10.0,offset_rule_jet_multibranched_CALIBRATED
iso-alkane,18,2-methyl heptadecane,CC(C)CCCCCCCCCCCCCCC,"InChI=1S/C18H38/c1-4-5-6-7-8-9-10-11-12-13-14-15-16-17-18(2)3/h18H,4-17H2,1-3H3",733.6455177,kelvin,,Constantinou-Gani GCM (FuelLib),11.76908054,bar,,Constantinou-Gani GCM (FuelLib),1.03735,meter ** 3 / kilomole,,Constantinou-Gani GCM (FuelLib),567.5057524,kelvin,,Constantinou-Gani GCM (FuelLib),275.5129878,kelvin,,Constantinou-Gani GCM (FuelLib),-422.314,kilojoule / mole,,Constantinou-Gani GCM (FuelLib),87.34,kilojoule / mole,,Constantinou-Gani GCM (FuelLib),0.791984923,dimensionless,,Constantinou-Gani GCM (FuelLib),0.32844,meter ** 3 / kilomole,,Constantinou-Gani GCM (FuelLib),141.7114286,dimensionless,8.526853939,extrapolated_iso_alkane,82.96315789,dimensionless,10.0,offset_rule_jet_multibranched_CALIBRATED
iso-alkane,19,2-methyl octadecane,CC(C)CCCCCCCCCCCCCCCC,"InChI=1S/C19H40/c1-4-5-6-7-8-9-10-11-12-13-14-15-16-17-18-19(2)3/h19H,4-18H2,1-3H3",744.338523,kelvin,,Constantinou-Gani GCM (FuelLib),11.0930551,bar,,Constantinou-Gani GCM (FuelLib),1.09315,meter ** 3 / kilomole,,Constantinou-Gani GCM (FuelLib),578.9120884,kelvin,,Constantinou-Gani GCM (FuelLib),281.7483936,kelvin,,Constantinou-Gani GCM (FuelLib),-443.077,kilojoule / mole,,Constantinou-Gani GCM (FuelLib),91.99,kilojoule / mole,,Constantinou-Gani GCM (FuelLib),0.83257845,dimensionless,,Constantinou-Gani GCM (FuelLib),0.34484,meter ** 3 / kilomole,,Constantinou-Gani GCM (FuelLib),151.0657143,dimensionless,8.526853939,extrapolated_iso_alkane,88.09473684,dimensionless,10.0,offset_rule_jet_multibranched_CALIBRATED
iso-alkane,20,2-methyl nonadecane,CC(C)CCCCCCCCCCCCCCCCC,"InChI=1S/C20H42/c1-4-5-6-7-8-9-10-11-12-13-14-15-16-17-18-19-20(2)3/h20H,4-19H2,1-3H3",754.4352954,kelvin,,Constantinou-Gani GCM (FuelLib),10.48087292,bar,,Constantinou-Gani GCM (FuelLib),1.14895,meter ** 3 / kilomole,,Constantinou-Gani GCM (FuelLib),589.7152932,kelvin,,Constantinou-Gani GCM (FuelLib),287.6258864,kelvin,,Constantinou-Gani GCM (FuelLib),-463.84,kilojoule / mole,,Constantinou-Gani GCM (FuelLib),96.64,kilojoule / mole,,Constantinou-Gani GCM (FuelLib),0.872724866,dimensionless,,Constantinou-Gani GCM (FuelLib),0.36124,meter ** 3 / kilomole,,Constantinou-Gani GCM (FuelLib),160.42,dimensionless,8.526853939,extrapolated_iso_alkane,93.22631579,dimensionless,10.0,offset_rule_jet_multibranched_CALIBRATED
n-alkane,7,n-heptane,CCCCCCC,"InChI=1S/C7H16/c1-3-5-7-6-4-2/h3-7H2,1-2H3",549.8559805,kelvin,,Constantinou-Gani GCM (FuelLib),28.21129514,bar,,Constantinou-Gani GCM (FuelLib),0.42465,meter ** 3 / kilomole,,Constantinou-Gani GCM (FuelLib),379.0732115,kelvin,,Constantinou-Gani GCM (FuelLib),-91.61,celsius,,https://doi.org/10.6084/m9.figshare.1031638,-184.874,kilojoule / mole,,Constantinou-Gani GCM (FuelLib),38.311,kilojoule / mole,,Constantinou-Gani GCM (FuelLib),0.336945458,dimensionless,,Constantinou-Gani GCM (FuelLib),0.14631,meter ** 3 / kilomole,,Constantinou-Gani GCM (FuelLib),36.0,dimensionless,2.2,measured_name,53.8,dimensionless,1.5,literature_seed_VERIFY_vs_NREL_compendium
n-alkane,8,n-octane,CCCCCCCC,"InChI=1S/C8H18/c1-3-5-7-8-6-4-2/h3-8H2,1-2H3",577.9457115,kelvin,,Constantinou-Gani GCM (FuelLib),25.48949091,bar,,Constantinou-Gani GCM (FuelLib),0.48045,meter ** 3 / kilomole,,Constantinou-Gani GCM (FuelLib),406.6259717,kelvin,,Constantinou-Gani GCM (FuelLib),191.33412681193053,kelvin,,Constantinou-Gani GCM (FuelLib),-205.637,kilojoule / mole,,Constantinou-Gani GCM (FuelLib),42.961,kilojoule / mole,,Constantinou-Gani GCM (FuelLib),0.380647792,dimensionless,,Constantinou-Gani GCM (FuelLib),0.16271,meter ** 3 / kilomole,,Constantinou-Gani GCM (FuelLib),42.6,dimensionless,2.0,measured_name,56.64736842,dimensionless,4.0,family_fit_n_alkane
n-alkane,9,n-nonane,CCCCCCCCC,"InChI=1S/C9H20/c1-3-5-7-9-8-6-4-2/h3-9H2,1-2H3",602.2584274,kelvin,,Constantinou-Gani GCM (FuelLib),23.16164096,bar,,Constantinou-Gani GCM (FuelLib),0.53625,meter ** 3 / kilomole,,Constantinou-Gani GCM (FuelLib),430.9014175,kelvin,,Constantinou-Gani GCM (FuelLib),205.00435722735716,kelvin,,Constantinou-Gani GCM (FuelLib),-226.4,kilojoule / mole,,Constantinou-Gani GCM (FuelLib),47.611,kilojoule / mole,,Constantinou-Gani GCM (FuelLib),0.424392219,dimensionless,,Constantinou-Gani GCM (FuelLib),0.17911,meter ** 3 / kilomole,,Constantinou-Gani GCM (FuelLib),50.1,dimensionless,2.0,measured_name,61.77894737,dimensionless,4.0,family_fit_n_alkane
n-alkane,10,n-decane,CCCCCCCCCC,"InChI=1S/C10H22/c1-3-5-7-9-10-8-6-4-2/h3-10H2,1-2H3",623.6905158,kelvin,,Constantinou-Gani GCM (FuelLib),21.15522932,bar,,Constantinou-Gani GCM (FuelLib),0.59205,meter ** 3 / kilomole,,Constantinou-Gani GCM (FuelLib),452.5969766,kelvin,,Constantinou-Gani GCM (FuelLib),217.0630557584084,kelvin,,Constantinou-Gani GCM (FuelLib),-247.163,kilojoule / mole,,Constantinou-Gani GCM (FuelLib),52.261,kilojoule / mole,,Constantinou-Gani GCM (FuelLib),0.46804991,dimensionless,,Constantinou-Gani GCM (FuelLib),0.19551,meter ** 3 / kilomole,,Constantinou-Gani GCM (FuelLib),57.2,dimensionless,2.0,measured_name,65.8,dimensionless,3.0,literature_seed_VERIFY_vs_NREL_compendium
n-alkane,11,n-undecane,CCCCCCCCCCC,"InChI=1S/C11H24/c1-3-5-7-9-11-10-8-6-4-2/h3-11H2,1-2H3",642.8528431,kelvin,,Constantinou-Gani GCM (FuelLib),19.41368862,bar,,Constantinou-Gani GCM (FuelLib),0.64785,meter ** 3 / kilomole,,Constantinou-Gani GCM (FuelLib),472.2087083,kelvin,,Constantinou-Gani GCM (FuelLib),227.8504232656127,kelvin,,Constantinou-Gani GCM (FuelLib),-267.926,kilojoule / mole,,Constantinou-Gani GCM (FuelLib),56.911,kilojoule / mole,,Constantinou-Gani GCM (FuelLib),0.511523201,dimensionless,,Constantinou-Gani GCM (FuelLib),0.21191,meter ** 3 / kilomole,,Constantinou-Gani GCM (FuelLib),64.7,dimensionless,2.0,measured_name,72.04210526,dimensionless,4.0,family_fit_n_alkane
n-alkane,12,n-dodecane,CCCCCCCCCCCC,"InChI=1S/C12H26/c1-3-5-7-9-11-12-10-8-6-4-2/h3-12H2,1-2H3",660.1804591,kelvin,,Constantinou-Gani GCM (FuelLib),17.8923689,bar,,Constantinou-Gani GCM (FuelLib),0.70365,meter ** 3 / kilomole,,Constantinou-Gani GCM (FuelLib),490.1020646,kelvin,,Constantinou-Gani GCM (FuelLib),237.6091455975787,kelvin,,Constantinou-Gani GCM (FuelLib),-288.689,kilojoule / mole,,Constantinou-Gani GCM (FuelLib),61.561,kilojoule / mole,,Constantinou-Gani GCM (FuelLib),0.554738045,dimensionless,,Constantinou-Gani GCM (FuelLib),0.22831,meter ** 3 / kilomole,,Constantinou-Gani GCM (FuelLib),71.7,dimensionless,2.1,measured_name,73.7,dimensionless,2.0,literature_seed_VERIFY_vs_NREL_compendium
n-alkane,13,n-tridecane,CCCCCCCCCCCCC,"InChI=1S/C13H28/c1-3-5-7-9-11-13-12-10-8-6-4-2/h3-13H2,1-2H3",675.9941998,kelvin,,Constantinou-Gani GCM (FuelLib),16.55564694,bar,,Constantinou-Gani GCM (FuelLib),0.75945,meter ** 3 / kilomole,,Constantinou-Gani GCM (FuelLib),506.5540631,kelvin,,Constantinou-Gani GCM (FuelLib),246.5184334,kelvin,,Constantinou-Gani GCM (FuelLib),-309.452,kilojoule / mole,,Constantinou-Gani GCM (FuelLib),66.211,kilojoule / mole,,Constantinou-Gani GCM (FuelLib),0.59763846,dimensionless,,Constantinou-Gani GCM (FuelLib),0.24471,meter ** 3 / kilomole,,Constantinou-Gani GCM (FuelLib),78.90666667,dimensionless,0.195017297,extrapolated_n_alkane,82.30526316,dimensionless,4.0,family_fit_n_alkane
n-alkane,14,n-tetradecane,CCCCCCCCCCCCCC,"InChI=1S/C14H30/c1-3-5-7-9-11-13-14-12-10-8-6-4-2/h3-14H2,1-2H3",690.5374695,kelvin,,Constantinou-Gani GCM (FuelLib),15.37482177,bar,,Constantinou-Gani GCM (FuelLib),0.81525,meter ** 3 / kilomole,,Constantinou-Gani GCM (FuelLib),521.7797029,kelvin,,Constantinou-Gani GCM (FuelLib),254.7143941,kelvin,,Constantinou-Gani GCM (FuelLib),-330.215,kilojoule / mole,,Constantinou-Gani GCM (FuelLib),70.861,kilojoule / mole,,Constantinou-Gani GCM (FuelLib),0.640182395,dimensionless,,Constantinou-Gani GCM (FuelLib),0.26111,meter ** 3 / kilomole,,Constantinou-Gani GCM (FuelLib),86.10380952,dimensionless,0.195017297,extrapolated_n_alkane,87.43684211,dimensionless,4.0,family_fit_n_alkane
n-alkane,15,n-pentadecane,CCCCCCCCCCCCCCC,"InChI=1S/C15H32/c1-3-5-7-9-11-13-15-14-12-10-8-6-4-2/h3-15H2,1-2H3",703.9993128,kelvin,,Constantinou-Gani GCM (FuelLib),14.32656106,bar,,Constantinou-Gani GCM (FuelLib),0.87105,meter ** 3 / kilomole,,Constantinou-Gani GCM (FuelLib),535.9491988,kelvin,,Constantinou-Gani GCM (FuelLib),262.3028342,kelvin,,Constantinou-Gani GCM (FuelLib),-350.978,kilojoule / mole,,Constantinou-Gani GCM (FuelLib),75.511,kilojoule / mole,,Constantinou-Gani GCM (FuelLib),0.682338616,dimensionless,,Constantinou-Gani GCM (FuelLib),0.27751,meter ** 3 / kilomole,,Constantinou-Gani GCM (FuelLib),93.30095238,dimensionless,0.195017297,extrapolated_n_alkane,92.56842105,dimensionless,4.0,family_fit_n_alkane
n-alkane,16,n-hexadecane,CCCCCCCCCCCCCCCC,"InChI=1S/C16H34/c1-3-5-7-9-11-13-15-16-14-12-10-8-6-4-2/h3-16H2,1-2H3",716.5294862,kelvin,,Constantinou-Gani GCM (FuelLib),13.39173965,bar,,Constantinou-Gani GCM (FuelLib),0.92685,meter ** 3 / kilomole,,Constantinou-Gani GCM (FuelLib),549.1996156,kelvin,,Constantinou-Gani GCM (FuelLib),269.367636,kelvin,,Constantinou-Gani GCM (FuelLib),-371.741,kilojoule / mole,,Constantinou-Gani GCM (FuelLib),80.161,kilojoule / mole,,Constantinou-Gani GCM (FuelLib),0.724084329,dimensionless,,Constantinou-Gani GCM (FuelLib),0.29391,meter ** 3 / kilomole,,Constantinou-Gani GCM (FuelLib),100.4980952,dimensionless,0.195017297,extrapolated_n_alkane,100.0,dimensionless,2.0,literature_seed_VERIFY_vs_NREL_compendium
n-alkane,17,n-heptadecane,CCCCCCCCCCCCCCCCC,"InChI=1S/C17H36/c1-3-5-7-9-11-13-15-17-16-14-12-10-8-6-4-2/h3-17H2,1-2H3",728.2486428,kelvin,,Constantinou-Gani GCM (FuelLib),12.55456096,bar,,Constantinou-Gani GCM (FuelLib),0.98265,meter ** 3 / kilomole,,Constantinou-Gani GCM (FuelLib),561.6429542,kelvin,,Constantinou-Gani GCM (FuelLib),275.9764251,kelvin,,Constantinou-Gani GCM (FuelLib),-392.504,kilojoule / mole,,Constantinou-Gani GCM (FuelLib),84.811,kilojoule / mole,,Constantinou-Gani GCM (FuelLib),0.765403369,dimensionless,,Constantinou-Gani GCM (FuelLib),0.31031,meter ** 3 / kilomole,,Constantinou-Gani GCM (FuelLib),107.6952381,dimensionless,0.195017297,extrapolated_n_alkane,102.8315789,dimensionless,4.0,family_fit_n_alkane
n-alkane,18,n-octadecane,CCCCCCCCCCCCCCCCCC,"InChI=1S/C18H38/c1-3-5-7-9-11-13-15-17-18-16-14-12-10-8-6-4-2/h3-18H2,1-2H3",739.2554171,kelvin,,Constantinou-Gani GCM (FuelLib),11.80188531,bar,,Constantinou-Gani GCM (FuelLib),1.03845,meter ** 3 / kilomole,,Constantinou-Gani GCM (FuelLib),573.3719132,kelvin,,Constantinou-Gani GCM (FuelLib),282.1845175,kelvin,,Constantinou-Gani GCM (FuelLib),-413.267,kilojoule / mole,,Constantinou-Gani GCM (FuelLib),89.461,kilojoule / mole,,Constantinou-Gani GCM (FuelLib),0.806284783,dimensionless,,Constantinou-Gani GCM (FuelLib),0.32671,meter ** 3 / kilomole,,Constantinou-Gani GCM (FuelLib),114.892381,dimensionless,0.195017297,extrapolated_n_alkane,105.0,dimensionless,4.0,family_fit_n_alkane+capped_105
monocyclic,7,methyl cyclohexane,CC1CCCCC1,"InChI=1S/C7H14/c1-7-5-3-2-4-6-7/h7H,2-6H2,1H3",575.7778705,kelvin,,Constantinou-Gani GCM (FuelLib),33.40662411,bar,,Constantinou-Gani GCM (FuelLib),0.39751,meter ** 3 / kilomole,,Constantinou-Gani GCM (FuelLib),376.1620746,kelvin,,Constantinou-Gani GCM (FuelLib),199.43122185897457,kelvin,,Constantinou-Gani GCM (FuelLib),-152.353,kilojoule / mole,,Constantinou-Gani GCM (FuelLib),36.061,kilojoule / mole,,Constantinou-Gani GCM (FuelLib),0.220474065,dimensionless,,Constantinou-Gani GCM (FuelLib),0.12794,meter ** 3 / kilomole,,Constantinou-Gani GCM (FuelLib),53.6,dimensionless,2.0,measured_name,21.0,dimensionless,3.0,family_fit_n_alkane+capped_105
monocyclic,8,ethyl cyclohexane,CCC1CCCCC1,"InChI=1S/C8H16/c1-2-8-6-4-3-5-7-8/h8H,2-7H2,1H3",600.3643194,kelvin,,Constantinou-Gani GCM (FuelLib),29.88272519,bar,,Constantinou-Gani GCM (FuelLib),0.45331,meter ** 3 / kilomole,,Constantinou-Gani GCM (FuelLib),404.0843142,kelvin,,Constantinou-Gani GCM (FuelLib),212.1240871,kelvin,,Constantinou-Gani GCM (FuelLib),-173.116,kilojoule / mole,,Constantinou-Gani GCM (FuelLib),40.711,kilojoule / mole,,Constantinou-Gani GCM (FuelLib),0.263038552,dimensionless,,Constantinou-Gani GCM (FuelLib),0.14434,meter ** 3 / kilomole,,Constantinou-Gani GCM (FuelLib),60.7,dimensionless,2.0,measured_name,29.66666667,dimensionless,6.0,piecewise_fit_mono_cyclo
monocyclic,9,propyl cyclohexane,CCCC1CCCCC1,"InChI=1S/C9H18/c1-2-6-9-7-4-3-5-8-9/h9H,2-8H2,1H3",622.008762,kelvin,,Constantinou-Gani GCM (FuelLib),26.90982208,bar,,Constantinou-Gani GCM (FuelLib),0.50911,meter ** 3 / kilomole,,Constantinou-Gani GCM (FuelLib),428.6460134,kelvin,,Constantinou-Gani GCM (FuelLib),223.4160223,kelvin,,Constantinou-Gani GCM (FuelLib),-193.879,kilojoule / mole,,Constantinou-Gani GCM (FuelLib),45.361,kilojoule / mole,,Constantinou-Gani GCM (FuelLib),0.306246461,dimensionless,,Constantinou-Gani GCM (FuelLib),0.16074,meter ** 3 / kilomole,,Constantinou-Gani GCM (FuelLib),69.2,dimensionless,2.1,measured_name,38.33333333,dimensionless,6.0,piecewise_fit_mono_cyclo
monocyclic,10,butyl cyclohexane,CCCCC1CCCCC1,"InChI=1S/C10H20/c1-2-3-7-10-8-5-4-6-9-10/h10H,2-9H2,1H3",641.3406281,kelvin,,Constantinou-Gani GCM (FuelLib),24.37875607,bar,,Constantinou-Gani GCM (FuelLib),0.56491,meter ** 3 / kilomole,,Constantinou-Gani GCM (FuelLib),450.5698736,kelvin,,Constantinou-Gani GCM (FuelLib),233.5857624,kelvin,,Constantinou-Gani GCM (FuelLib),-214.642,kilojoule / mole,,Constantinou-Gani GCM (FuelLib),50.011,kilojoule / mole,,Constantinou-Gani GCM (FuelLib),0.349819668,dimensionless,,Constantinou-Gani GCM (FuelLib),0.17714,meter ** 3 / kilomole,,Constantinou-Gani GCM (FuelLib),76.8,dimensionless,2.2,measured_name,47.0,dimensionless,4.0,literature_seed_VERIFY_vs_NREL_compendium
monocyclic,11,pentyl cyclohexane,CCCCCC1CCCCC1,"InChI=1S/C11H22/c1-2-3-5-8-11-9-6-4-7-10-11/h11H,2-10H2,1H3",658.8067305,kelvin,,Constantinou-Gani GCM (FuelLib),22.20612007,bar,,Constantinou-Gani GCM (FuelLib),0.62071,meter ** 3 / kilomole,,Constantinou-Gani GCM (FuelLib),470.3679357,kelvin,,Constantinou-Gani GCM (FuelLib),242.8363304,kelvin,,Constantinou-Gani GCM (FuelLib),-235.405,kilojoule / mole,,Constantinou-Gani GCM (FuelLib),54.661,kilojoule / mole,,Constantinou-Gani GCM (FuelLib),0.393550029,dimensionless,,Constantinou-Gani GCM (FuelLib),0.19354,meter ** 3 / kilomole,,Constantinou-Gani GCM (FuelLib),83.45945946,dimensionless,0.553221523,extrapolated_mono_cyclo,52.13157895,dimensionless,6.0,piecewise_fit_mono_cyclo
monocyclic,12,hexyl cyclohexane,CCCCCCC1CCCCC1,"InChI=1S/C12H24/c1-2-3-4-6-9-12-10-7-5-8-11-12/h12H,2-11H2,1H3",674.7357208,kelvin,,Constantinou-Gani GCM (FuelLib),20.32729817,bar,,Constantinou-Gani GCM (FuelLib),0.67651,meter ** 3 / kilomole,,Constantinou-Gani GCM (FuelLib),488.4162509,kelvin,,Constantinou-Gani GCM (FuelLib),251.3201959,kelvin,,Constantinou-Gani GCM (FuelLib),-256.168,kilojoule / mole,,Constantinou-Gani GCM (FuelLib),59.311,kilojoule / mole,,Constantinou-Gani GCM (FuelLib),0.437280704,dimensionless,,Constantinou-Gani GCM (FuelLib),0.20994,meter ** 3 / kilomole,,Constantinou-Gani GCM (FuelLib),90.3,dimensionless,2.6,measured_formula_unique,57.26315789,dimensionless,6.0,piecewise_fit_mono_cyclo
monocyclic,13,heptyl cyclohexane,CCCCCCCC1CCCCC1,"InChI=1S/C13H26/c1-2-3-4-5-7-10-13-11-8-6-9-12-13/h13H,2-12H2,1H3",689.3763989,kelvin,,Constantinou-Gani GCM (FuelLib),18.69160515,bar,,Constantinou-Gani GCM (FuelLib),0.73231,meter ** 3 / kilomole,,Constantinou-Gani GCM (FuelLib),504.9991446,kelvin,,Constantinou-Gani GCM (FuelLib),259.1547798,kelvin,,Constantinou-Gani GCM (FuelLib),-276.931,kilojoule / mole,,Constantinou-Gani GCM (FuelLib),63.961,kilojoule / mole,,Constantinou-Gani GCM (FuelLib),0.480892986,dimensionless,,Constantinou-Gani GCM (FuelLib),0.22634,meter ** 3 / kilomole,,Constantinou-Gani GCM (FuelLib),98.28108108,dimensionless,0.553221523,extrapolated_mono_cyclo,62.39473684,dimensionless,6.0,piecewise_fit_mono_cyclo
monocyclic,14,octyl cyclohexane,CCCCCCCCC1CCCCC1,"InChI=1S/C14H28/c1-2-3-4-5-6-8-11-14-12-9-7-10-13-14/h14H,2-13H2,1H3",702.9216547,kelvin,,Constantinou-Gani GCM (FuelLib),17.25883194,bar,,Constantinou-Gani GCM (FuelLib),0.78811,meter ** 3 / kilomole,,Constantinou-Gani GCM (FuelLib),520.3368173,kelvin,,Constantinou-Gani GCM (FuelLib),266.4324369,kelvin,,Constantinou-Gani GCM (FuelLib),-297.694,kilojoule / mole,,Constantinou-Gani GCM (FuelLib),68.611,kilojoule / mole,,Constantinou-Gani GCM (FuelLib),0.524296857,dimensionless,,Constantinou-Gani GCM (FuelLib),0.24274,meter ** 3 / kilomole,,Constantinou-Gani GCM (FuelLib),105.6918919,dimensionless,0.553221523,extrapolated_mono_cyclo,67.52631579,dimensionless,6.0,piecewise_fit_mono_cyclo
monocyclic,15,nonyl cyclohexane,CCCCCCCCCC1CCCCC1,"InChI=1S/C15H30/c1-2-3-4-5-6-7-9-12-15-13-10-8-11-14-15/h15H,2-14H2,1H3",715.524059,kelvin,,Constantinou-Gani GCM (FuelLib),15.99675069,bar,,Constantinou-Gani GCM (FuelLib),0.84391,meter ** 3 / kilomole,,Constantinou-Gani GCM (FuelLib),534.6032869,kelvin,,Constantinou-Gani GCM (FuelLib),273.2271182,kelvin,,Constantinou-Gani GCM (FuelLib),-318.457,kilojoule / mole,,Constantinou-Gani GCM (FuelLib),73.261,kilojoule / mole,,Constantinou-Gani GCM (FuelLib),0.567424102,dimensionless,,Constantinou-Gani GCM (FuelLib),0.25914,meter ** 3 / kilomole,,Constantinou-Gani GCM (FuelLib),113.1027027,dimensionless,0.553221523,extrapolated_mono_cyclo,72.65789474,dimensionless,6.0,piecewise_fit_mono_cyclo
monocyclic,16,decyl cyclohexane,CCCCCCCCCCC1CCCCC1,"InChI=1S/C16H32/c1-2-3-4-5-6-7-8-10-13-16-14-11-9-12-15-16/h16H,2-15H2,1H3",727.3063721,kelvin,,Constantinou-Gani GCM (FuelLib),14.87928655,bar,,Constantinou-Gani GCM (FuelLib),0.89971,meter ** 3 / kilomole,,Constantinou-Gani GCM (FuelLib),547.9384635,kelvin,,Constantinou-Gani GCM (FuelLib),279.5989582,kelvin,,Constantinou-Gani GCM (FuelLib),-339.22,kilojoule / mole,,Constantinou-Gani GCM (FuelLib),77.911,kilojoule / mole,,Constantinou-Gani GCM (FuelLib),0.610223227,dimensionless,,Constantinou-Gani GCM (FuelLib),0.27554,meter ** 3 / kilomole,,Constantinou-Gani GCM (FuelLib),120.5135135,dimensionless,0.553221523,extrapolated_mono_cyclo,77.78947368,dimensionless,6.0,piecewise_fit_mono_cyclo
monocyclic,17,undecyl cyclohexane,CCCCCCCCCCCC1CCCCC1,"InChI=1S/C17H34/c1-2-3-4-5-6-7-8-9-11-14-17-15-12-10-13-16-17/h17H,2-16H2,1H3",738.3688373,kelvin,,Constantinou-Gani GCM (FuelLib),13.88515993,bar,,Constantinou-Gani GCM (FuelLib),0.95551,meter ** 3 / kilomole,,Constantinou-Gani GCM (FuelLib),560.4565188,kelvin,,Constantinou-Gani GCM (FuelLib),285.5975158,kelvin,,Constantinou-Gani GCM (FuelLib),-359.983,kilojoule / mole,,Constantinou-Gani GCM (FuelLib),82.561,kilojoule / mole,,Constantinou-Gani GCM (FuelLib),0.652655655,dimensionless,,Constantinou-Gani GCM (FuelLib),0.29194,meter ** 3 / kilomole,,Constantinou-Gani GCM (FuelLib),127.9243243,dimensionless,0.553221523,extrapolated_mono_cyclo,82.92105263,dimensionless,6.0,piecewise_fit_mono_cyclo
dicyclic,8,Octahydropentalene,C1CC2CCCC2C1,"InChI=1S/C8H14/c1-3-7-5-2-6-8(7)4-1/h7-8H,1-6H2",601.3492127,kelvin,,Constantinou-Gani GCM (FuelLib),37.11212317,bar,,Constantinou-Gani GCM (FuelLib),0.37613,meter ** 3 / kilomole,,Constantinou-Gani GCM (FuelLib),401.2927925,kelvin,,Constantinou-Gani GCM (FuelLib),208.053335,kelvin,,Constantinou-Gani GCM (FuelLib),-93.711,kilojoule / mole,,Constantinou-Gani GCM (FuelLib),39.135,kilojoule / mole,,Constantinou-Gani GCM (FuelLib),0.259923477,dimensionless,,Constantinou-Gani GCM (FuelLib),0.12897,meter ** 3 / kilomole,,Constantinou-Gani GCM (FuelLib),100.3,dimensionless,3.5,holdlargest_di_cyclo,18.66666667,dimensionless,7.0,offset_rule_dicyclo_from_mono_minus_11
dicyclic,9,Hydrindane,C1CCC2CCCC2C1,"InChI=1S/C9H16/c1-2-5-9-7-3-6-8(9)4-1/h8-9H,1-7H2",631.5471321,kelvin,,Constantinou-Gani GCM (FuelLib),32.33749131,bar,,Constantinou-Gani GCM (FuelLib),0.45695,meter ** 3 / kilomole,,Constantinou-Gani GCM (FuelLib),426.2690149,kelvin,,Constantinou-Gani GCM (FuelLib),229.8484348,kelvin,,Constantinou-Gani GCM (FuelLib),-137.916,kilojoule / mole,,Constantinou-Gani GCM (FuelLib),43.448,kilojoule / mole,,Constantinou-Gani GCM (FuelLib),0.246393038,dimensionless,,Constantinou-Gani GCM (FuelLib),0.14387,meter ** 3 / kilomole,,Constantinou-Gani GCM (FuelLib),100.3,dimensionless,3.5,holdlargest_di_cyclo,27.33333333,dimensionless,7.0,offset_rule_dicyclo_from_mono_minus_11
dicyclic,10,Decalin,C1CCC2CCCCC2C1,"InChI=1S/C10H18/c1-2-6-10-8-4-3-7-9(10)5-1/h9-10H,1-8H2",657.4225035,kelvin,,Constantinou-Gani GCM (FuelLib),28.45941131,bar,,Constantinou-Gani GCM (FuelLib),0.53777,meter ** 3 / kilomole,,Constantinou-Gani GCM (FuelLib),448.5224616,kelvin,,Constantinou-Gani GCM (FuelLib),247.809653,kelvin,,Constantinou-Gani GCM (FuelLib),-182.121,kilojoule / mole,,Constantinou-Gani GCM (FuelLib),47.761,kilojoule / mole,,Constantinou-Gani GCM (FuelLib),0.23293939,dimensionless,,Constantinou-Gani GCM (FuelLib),0.15877,meter ** 3 / kilomole,,Constantinou-Gani GCM (FuelLib),100.3,dimensionless,3.5,holdlargest_di_cyclo,36.0,dimensionless,4.0,literature_seed_VERIFY_vs_NREL_compendium
dicyclic,11,2-methyldecalin,CC1CCC2CCCCC2C1,"InChI=1S/C11H20/c1-9-6-7-10-4-2-3-5-11(10)8-9/h9-11H,2-8H2,1H3",667.7826729,kelvin,,Constantinou-Gani GCM (FuelLib),25.70076401,bar,,Constantinou-Gani GCM (FuelLib),0.58847,meter ** 3 / kilomole,,Constantinou-Gani GCM (FuelLib),461.1059722,kelvin,,Constantinou-Gani GCM (FuelLib),246.849207,kelvin,,Constantinou-Gani GCM (FuelLib),-211.071,kilojoule / mole,,Constantinou-Gani GCM (FuelLib),49.998,kilojoule / mole,,Constantinou-Gani GCM (FuelLib),0.255555997,dimensionless,,Constantinou-Gani GCM (FuelLib),0.17557,meter ** 3 / kilomole,,Constantinou-Gani GCM (FuelLib),100.3,dimensionless,3.5,holdlargest_di_cyclo,41.13157895,dimensionless,7.0,offset_rule_dicyclo_from_mono_minus_11
dicyclic,12,2-ethyldecalin,CCC1CCC2CCCCC2C1,"InChI=1S/C12H22/c1-2-10-7-8-11-5-3-4-6-12(11)9-10/h10-12H,2-9H2,1H3",682.9729176,kelvin,,Constantinou-Gani GCM (FuelLib),23.34301892,bar,,Constantinou-Gani GCM (FuelLib),0.64427,meter ** 3 / kilomole,,Constantinou-Gani GCM (FuelLib),479.9536401,kelvin,,Constantinou-Gani GCM (FuelLib),255.0197686,kelvin,,Constantinou-Gani GCM (FuelLib),-231.834,kilojoule / mole,,Constantinou-Gani GCM (FuelLib),54.648,kilojoule / mole,,Constantinou-Gani GCM (FuelLib),0.298673996,dimensionless,,Constantinou-Gani GCM (FuelLib),0.19197,meter ** 3 / kilomole,,Constantinou-Gani GCM (FuelLib),100.3,dimensionless,3.5,measured_formula_unique,46.26315789,dimensionless,7.0,offset_rule_dicyclo_from_mono_minus_11
dicyclic,13,2-propyldecalin,CCCC1CCC2CCCCC2C1,"InChI=1S/C13H24/c1-2-5-11-8-9-12-6-3-4-7-13(12)10-11/h11-13H,2-10H2,1H3",696.9872213,kelvin,,Constantinou-Gani GCM (FuelLib),21.31209651,bar,,Constantinou-Gani GCM (FuelLib),0.70007,meter ** 3 / kilomole,,Constantinou-Gani GCM (FuelLib),497.208857,kelvin,,Constantinou-Gani GCM (FuelLib),262.5864322,kelvin,,Constantinou-Gani GCM (FuelLib),-252.597,kilojoule / mole,,Constantinou-Gani GCM (FuelLib),59.298,kilojoule / mole,,Constantinou-Gani GCM (FuelLib),0.342200148,dimensionless,,Constantinou-Gani GCM (FuelLib),0.20837,meter ** 3 / kilomole,,Constantinou-Gani GCM (FuelLib),100.3,dimensionless,3.5,holdlargest_di_cyclo,51.39473684,dimensionless,7.0,offset_rule_dicyclo_from_mono_minus_11
dicyclic,14,2-butyldecalin,CCCCC1CCC2CCCCC2C1,"InChI=1S/C14H26/c1-2-3-6-12-9-10-13-7-4-5-8-14(13)11-12/h12-14H,2-11H2,1H3",709.9946437,kelvin,,Constantinou-Gani GCM (FuelLib),19.55026977,bar,,Constantinou-Gani GCM (FuelLib),0.75587,meter ** 3 / kilomole,,Constantinou-Gani GCM (FuelLib),513.1198778,kelvin,,Constantinou-Gani GCM (FuelLib),269.6323564,kelvin,,Constantinou-Gani GCM (FuelLib),-273.36,kilojoule / mole,,Constantinou-Gani GCM (FuelLib),63.948,kilojoule / mole,,Constantinou-Gani GCM (FuelLib),0.385915636,dimensionless,,Constantinou-Gani GCM (FuelLib),0.22477,meter ** 3 / kilomole,,Constantinou-Gani GCM (FuelLib),100.3,dimensionless,3.5,holdlargest_di_cyclo,56.52631579,dimensionless,7.0,offset_rule_dicyclo_from_mono_minus_11
dicyclic,15,2-pentyldecalin,CCCCCC1CCC2CCCCC2C1,"InChI=1S/C15H28/c1-2-3-4-7-13-10-11-14-8-5-6-9-15(14)12-13/h13-15H,2-12H2,1H3",722.1302194,kelvin,,Constantinou-Gani GCM (FuelLib),18.01201636,bar,,Constantinou-Gani GCM (FuelLib),0.81167,meter ** 3 / kilomole,,Constantinou-Gani GCM (FuelLib),527.8810795,kelvin,,Constantinou-Gani GCM (FuelLib),276.2246243,kelvin,,Constantinou-Gani GCM (FuelLib),-294.123,kilojoule / mole,,Constantinou-Gani GCM (FuelLib),68.598,kilojoule / mole,,Constantinou-Gani GCM (FuelLib),0.429655741,dimensionless,,Constantinou-Gani GCM (FuelLib),0.24117,meter ** 3 / kilomole,,Constantinou-Gani GCM (FuelLib),100.3,dimensionless,3.5,holdlargest_di_cyclo,61.65789474,dimensionless,7.0,offset_rule_dicyclo_from_mono_minus_11
tricyclic,10,C1CC2C(C1)C1CCCC21,C1CC2C(C1)C1CCCC21,"InChI=1S/C10H16/c1-3-7-8(4-1)10-6-2-5-9(7)10/h7-10H,1-6H2",640.9947924,kelvin,,Constantinou-Gani GCM (FuelLib),35.55346281,bar,,Constantinou-Gani GCM (FuelLib),0.43062,meter ** 3 / kilomole,,Constantinou-Gani GCM (FuelLib),441.8195176,kelvin,,Constantinou-Gani GCM (FuelLib),217.1909333,kelvin,,Constantinou-Gani GCM (FuelLib),-1.788,kilojoule / mole,,Constantinou-Gani GCM (FuelLib),44.677,kilojoule / mole,,Constantinou-Gani GCM (FuelLib),0.283402573,dimensionless,,Constantinou-Gani GCM (FuelLib),0.14317,meter ** 3 / kilomole,,Constantinou-Gani GCM (FuelLib),98.86324324,dimensionless,0.343093424,crossfill_tri_cyclo_from_mono_cyclo_x1.3,21.0,dimensionless,5.0,literature_seed_JP10_analog_VERIFY
tricyclic,11,C1CC2CC3CCCC3C2C1,C1CC2CC3CCCC3C2C1,"InChI=1S/C11H18/c1-3-8-7-9-4-2-6-11(9)10(8)5-1/h8-11H,1-7H2",661.426863,kelvin,,Constantinou-Gani GCM (FuelLib),31.93105795,bar,,Constantinou-Gani GCM (FuelLib),0.48627,meter ** 3 / kilomole,,Constantinou-Gani GCM (FuelLib),458.9154607,kelvin,,Constantinou-Gani GCM (FuelLib),235.2485441,kelvin,,Constantinou-Gani GCM (FuelLib),-108.224,kilojoule / mole,,Constantinou-Gani GCM (FuelLib),48.759,kilojoule / mole,,Constantinou-Gani GCM (FuelLib),0.309251979,dimensionless,,Constantinou-Gani GCM (FuelLib),0.1617,meter ** 3 / kilomole,,Constantinou-Gani GCM (FuelLib),108.4972973,dimensionless,0.343093424,crossfill_tri_cyclo_from_mono_cyclo_x1.3,26.13157895,dimensionless,8.0,offset_rule_tricyclo_from_mono_minus_26
tricyclic,12,C1CC2CC3CCCC3CC2C1,C1CC2CC3CCCC3CC2C1,"InChI=1S/C12H20/c1-3-9-7-11-5-2-6-12(11)8-10(9)4-1/h9-12H,1-8H2",683.5977288,kelvin,,Constantinou-Gani GCM (FuelLib),28.12667096,bar,,Constantinou-Gani GCM (FuelLib),0.56709,meter ** 3 / kilomole,,Constantinou-Gani GCM (FuelLib),478.031945,kelvin,,Constantinou-Gani GCM (FuelLib),252.3601682,kelvin,,Constantinou-Gani GCM (FuelLib),-152.429,kilojoule / mole,,Constantinou-Gani GCM (FuelLib),53.072,kilojoule / mole,,Constantinou-Gani GCM (FuelLib),0.295527499,dimensionless,,Constantinou-Gani GCM (FuelLib),0.1766,meter ** 3 / kilomole,,Constantinou-Gani GCM (FuelLib),118.1313514,dimensionless,0.343093424,crossfill_tri_cyclo_from_mono_cyclo_x1.3,31.26315789,dimensionless,8.0,offset_rule_tricyclo_from_mono_minus_26
iso-alkane,24,2-methyltricosane,CC(C)CCCCCCCCCCCCCCCCCCCCC,"InChI=1S/C24H50/c1-4-5-6-7-8-9-10-11-12-13-14-15-16-17-18-19-20-21-22-23-24(2)3/h24H,4-23H2,1-3H3",789.9881353,kelvin,,Constantinou-Gani GCM (FuelLib),8.530865809,bar,,Constantinou-Gani GCM (FuelLib),1.37215,meter ** 3 / kilomole,,Constantinou-Gani GCM (FuelLib),627.9873999,kelvin,,Constantinou-Gani GCM (FuelLib),308.2507714,kelvin,,Constantinou-Gani GCM (FuelLib),-546.892,kilojoule / mole,,Constantinou-Gani GCM (FuelLib),115.24,kilojoule / mole,,Constantinou-Gani GCM (FuelLib),1.02883306,dimensionless,,Constantinou-Gani GCM (FuelLib),0.42684,meter ** 3 / kilomole,,Constantinou-Gani GCM (FuelLib),,,,,,,,
alkene,12,1-dodecene,C=CCCCCCCCCCC,"InChI=1S/C12H24/c1-3-5-7-9-11-12-10-8-6-4-2/h3H,1,4-12H2,2H3",659.4431139,kelvin,,Constantinou-Gani GCM (FuelLib),18.65662343,bar,,Constantinou-Gani GCM (FuelLib),0.68935,meter ** 3 / kilomole,,Constantinou-Gani GCM (FuelLib),489.5590509,kelvin,,Constantinou-Gani GCM (FuelLib),240.1800205,kelvin,,Constantinou-Gani GCM (FuelLib),-168.267,kilojoule / mole,,Constantinou-Gani GCM (FuelLib),59.509,kilojoule / mole,,Constantinou-Gani GCM (FuelLib),0.544475476,dimensionless,,Constantinou-Gani GCM (FuelLib),0.22311,meter ** 3 / kilomole,,Constantinou-Gani GCM (FuelLib),,,,,,,,
alkene,16,1-hexadecene,C=CCCCCCCCCCCCCCC,"InChI=1S/C16H32/c1-3-5-7-9-11-13-15-16-14-12-10-8-6-4-2/h3H,1,4-16H2,2H3",715.9895716,kelvin,,Constantinou-Gani GCM (FuelLib),13.86367148,bar,,Constantinou-Gani GCM (FuelLib),0.91255,meter ** 3 / kilomole,,Constantinou-Gani GCM (FuelLib),548.7931026,kelvin,,Constantinou-Gani GCM (FuelLib),271.2593962,kelvin,,Constantinou-Gani GCM (FuelLib),-251.319,kilojoule / mole,,Constantinou-Gani GCM (FuelLib),78.109,kilojoule / mole,,Constantinou-Gani GCM (FuelLib),0.714183064,dimensionless,,Constantinou-Gani GCM (FuelLib),0.28871,meter ** 3 / kilomole,,Constantinou-Gani GCM (FuelLib),,,,,,,,
