Common_Name,SMILES,PelePhysics_Key,Weight %
toluene,CC1=CC=CC=C1,C6H5CH3,0.0
ethyl benzene,CCC1=CC=CC=C1,C6H5C2H5,0.01
propyl benzene,CCCC1=CC=CC=C1,C6H5C3H7,0.02
butyl benzene,CCCCC1=CC=CC=C1,C6H5C4H9,0.0
pentyl benzene,CCCCCC1=CC=CC=C1,C6H5C5H11,0.0
hexyl benzene,CCCCCCC1=CC=CC=C1,C6H5C6H13,0.0
heptyl benzene,CCCCCCCC1=CC=CC=C1,C6H5C7H15,0.0
octyl benzene,CCCCCCCCC1=CC=CC=C1,C6H5C8H17,0.0
nonyl benzene,CCCCCCCCCC1=CC=CC=C1,C6H5C9H19,0.0
naphthalene,C1=CC2=CC=CC=C2C=C1,NAPH,0.0
1-methyl naphthalene,CC1=CC2=CC=CC=C2C=C1,METHYLNAPH-1,0.0
1-ethyl naphthalene,CCC1=CC2=CC=CC=C2C=C1,ETHYLNAPH-1,0.0
1-propyl naphthalene,CCCC1=CC2=CC=CC=C2C=C1,PROPYLNAPH-1,0.0
indane,C1CC2=CC=CC=C2C1,INDANE,0.0
tetralin,C1CCC2=CC=CC=C2C1,TETRA,0.0
2-methyl tetralin,CC1CCC2=CC=CC=C2C1,METHYLTETRA-2,0.0
2-ethly tetralin,CCC1CCC2=CC=CC=C2C1,ETHYLTETRA-2,0.0
2-propyl tetralin,CCCC1CCC2=CC=CC=C2C1,PROPYLTETRA-2,0.0
2-butyl tetralin,CCCCC1CCC2=CC=CC=C2C1,BUTYLTETRA-2,0.0
2-methyl hexane,CC(C)CCCC,C7H16-2,0.0
2-methyl heptane,CC(C)CCCCC,C8H18-2,1.51
2-methyl octane,CC(C)CCCCCC,C9H20-2,11.09
2-methyl nonane,CC(C)CCCCCCC,C10H22-2,11.1
2-methyl decane,CC(C)CCCCCCCC,C11H24-2,9.62
2-methyl undecane,CC(C)CCCCCCCCC,C12H26-2,8.27
2-methyl dodecane,CC(C)CCCCCCCCCC,C13H28-2,8.33
2-methyl tridecane,CC(C)CCCCCCCCCCC,C14H30-2,6.39
2-methyl tetradecane,CC(C)CCCCCCCCCCCC,C15H32-2,5.42
2-methyl pentadecane,CC(C)CCCCCCCCCCCCC,C16H34-2,2.14
2-methyl hexadecane,CC(C)CCCCCCCCCCCCCC,C17H36-2,21.58
2-methyl heptadecane,CC(C)CCCCCCCCCCCCCCC,C18H38-2,4.71
2-methyl octadecane,CC(C)CCCCCCCCCCCCCCCC,C19H40-2,0.0
2-methyl nonadecane,CC(C)CCCCCCCCCCCCCCCCC,C20H42-2,0.0
n-heptane,CCCCCCC,NC7H16,0.0
n-octane,CCCCCCCC,NC8H18,0.83
n-nonane,CCCCCCCCC,NC9H20,1.92
n-decane,CCCCCCCCCC,NC10H22,1.4
n-undecane,CCCCCCCCCCC,NC11H24,0.84
n-dodecane,CCCCCCCCCCCC,NC12H26,0.59
n-tridecane,CCCCCCCCCCCCC,NC13H28,0.49
n-tetradecane,CCCCCCCCCCCCCC,NC14H30,0.23
n-pentadecane,CCCCCCCCCCCCCCC,NC15H32,0.46
n-hexadecane,CCCCCCCCCCCCCCCC,NC16H34,0.2
n-heptadecane,CCCCCCCCCCCCCCCCC,NC17H36,0.12
n-octadecane,CCCCCCCCCCCCCCCCCC,NC18H38,0.0
methyl cyclohexane,CC1CCCCC1,C6H11CH3,0.1
ethyl cyclohexane,CCC1CCCCC1,C6H11C2H5,1.94
propyl cyclohexane,CCCC1CCCCC1,C6H11C3H7,0.52
butyl cyclohexane,CCCCC1CCCCC1,C6H11C4H9,0.15
pentyl cyclohexane,CCCCCC1CCCCC1,C6H11C5H11,0.04
hexyl cyclohexane,CCCCCCC1CCCCC1,C6H11C6H13,0.0
heptyl cyclohexane,CCCCCCCC1CCCCC1,C6H11C7H15,0.0
octyl cyclohexane,CCCCCCCCC1CCCCC1,C6H11C8H17,0.0
nonyl cyclohexane,CCCCCCCCCC1CCCCC1,C6H11C9H19,0.0
decyl cyclohexane,CCCCCCCCCCC1CCCCC1,C6H11C10H21,0.0
undecyl cyclohexane,CCCCCCCCCCCC1CCCCC1,C6H11C11H23,0.0
Octahydropentalene,C1CC2CCCC2C1,OHPEN,0.0
Hydrindane,C1CCC2CCCC2C1,HYDRIND,0.01
Decalin,C1CCC2CCCCC2C1,DECALIN,0.0
2-methyldecalin,CC1CCC2CCCCC2C1,METHYLDECALIN-2,0.0
2-ethyldecalin,CCC1CCC2CCCCC2C1,ETHYLDECALIN-2,0.0
2-propyldecalin,CCCC1CCC2CCCCC2C1,PROPYLDECALIN-2,0.0
2-butyldecalin,CCCCC1CCC2CCCCC2C1,BUTYLDECALIN-2,0.0
2-pentyldecalin,CCCCCC1CCC2CCCCC2C1,PENTYLDECALIN-2,0.0
C1CC2C(C1)C1CCCC21,C1CC2C(C1)C1CCCC21,TRICYCLO-C10,0.0
C1CC2CC3CCCC3C2C1,C1CC2CC3CCCC3C2C1,TRICYCLO-C11,0.0
C1CC2CC3CCCC3CC2C1,C1CC2CC3CCCC3CC2C1,TRICYCLO-C12,0.0
