Temp,Temp_Units,Property,Property_Units,Property_Value
-9.55,celsius,Density,g/cm^3,0.77153
0.45,celsius,Density,g/cm^3,0.76401
10.45,celsius,Density,g/cm^3,0.75653
20.45,celsius,Density,g/cm^3,0.7491
30.45,celsius,Density,g/cm^3,0.7417
40.45,celsius,Density,g/cm^3,0.73431
50.45,celsius,Density,g/cm^3,0.72692
60.45,celsius,Density,g/cm^3,0.71953
70.45,celsius,Density,g/cm^3,0.71212
80.45,celsius,Density,g/cm^3,0.70468
90.45,celsius,Density,g/cm^3,0.69719
100.45,celsius,Density,g/cm^3,0.68966
-9.55,celsius,Viscosity,mm^2/s,3.754358223
0.45,celsius,Viscosity,mm^2/s,2.938704991
10.45,celsius,Viscosity,mm^2/s,2.376244167
20.45,celsius,Viscosity,mm^2/s,1.970497931
30.45,celsius,Viscosity,mm^2/s,1.667520561
40.45,celsius,Viscosity,mm^2/s,1.43495254
50.45,celsius,Viscosity,mm^2/s,1.252187311
60.45,celsius,Viscosity,mm^2/s,1.105680097
70.45,celsius,Viscosity,mm^2/s,0.986210189
80.45,celsius,Viscosity,mm^2/s,0.887296361
90.45,celsius,Viscosity,mm^2/s,0.804285776
100.45,celsius,Viscosity,mm^2/s,0.733723864
-9.55,celsius,VaporPressure,kPa,0.000626
6.85,celsius,VaporPressure,kPa,0.00349
26.85,celsius,VaporPressure,kPa,0.0208
46.85,celsius,VaporPressure,kPa,0.0947
66.85,celsius,VaporPressure,kPa,0.346
86.85,celsius,VaporPressure,kPa,1.056
106.85,celsius,VaporPressure,kPa,2.783
126.85,celsius,VaporPressure,kPa,6.489
140,celsius,VaporPressure,kPa,10.7
-9.55,celsius,DynamicViscosity,Pa*s,0.0028966
0.45,celsius,DynamicViscosity,Pa*s,0.0022452
10.45,celsius,DynamicViscosity,Pa*s,0.0017977
20.45,celsius,DynamicViscosity,Pa*s,0.0014761
30.45,celsius,DynamicViscosity,Pa*s,0.0012368
40.45,celsius,DynamicViscosity,Pa*s,0.0010537
50.45,celsius,DynamicViscosity,Pa*s,0.00091024
60.45,celsius,DynamicViscosity,Pa*s,0.00079557
70.45,celsius,DynamicViscosity,Pa*s,0.0007023
80.45,celsius,DynamicViscosity,Pa*s,0.00062526
90.45,celsius,DynamicViscosity,Pa*s,0.00056074
100.45,celsius,DynamicViscosity,Pa*s,0.00050602
-9.55,celsius,Cp,J/mol/K,359.85
0.45,celsius,Cp,J/mol/K,364.29
10.45,celsius,Cp,J/mol/K,369.15
20.45,celsius,Cp,J/mol/K,374.36
30.45,celsius,Cp,J/mol/K,379.87
40.45,celsius,Cp,J/mol/K,385.64
50.45,celsius,Cp,J/mol/K,391.64
60.45,celsius,Cp,J/mol/K,397.82
70.45,celsius,Cp,J/mol/K,404.16
80.45,celsius,Cp,J/mol/K,410.63
90.45,celsius,Cp,J/mol/K,417.21
100.45,celsius,Cp,J/mol/K,423.89
-9.55,celsius,SurfaceTension,N/m,0.0279
-3.15,celsius,SurfaceTension,N/m,0.0274
6.85,celsius,SurfaceTension,N/m,0.0265
16.85,celsius,SurfaceTension,N/m,0.0256
26.85,celsius,SurfaceTension,N/m,0.0248
30.45,celsius,SurfaceTension,N/m,0.0239
46.85,celsius,SurfaceTension,N/m,0.023
56.85,celsius,SurfaceTension,N/m,0.0221
66.85,celsius,SurfaceTension,N/m,0.0212
76.85,celsius,SurfaceTension,N/m,0.0203
86.85,celsius,SurfaceTension,N/m,0.0194
96.85,celsius,SurfaceTension,N/m,0.0185
106.85,celsius,SurfaceTension,N/m,0.0177
116.85,celsius,SurfaceTension,N/m,0.0168
126.85,celsius,SurfaceTension,N/m,0.0159
136.85,celsius,SurfaceTension,N/m,0.0151
140,celsius,SurfaceTension,N/m,0.0148
-9.55,celsius,ThermalConductivity,W/m/K,0.14393
-3.15,celsius,ThermalConductivity,W/m/K,0.14227
6.85,celsius,ThermalConductivity,W/m/K,0.13972
16.85,celsius,ThermalConductivity,W/m/K,0.13724
26.85,celsius,ThermalConductivity,W/m/K,0.13482
30.45,celsius,ThermalConductivity,W/m/K,0.13245
46.85,celsius,ThermalConductivity,W/m/K,0.13014
56.85,celsius,ThermalConductivity,W/m/K,0.12786
66.85,celsius,ThermalConductivity,W/m/K,0.12562
76.85,celsius,ThermalConductivity,W/m/K,0.12343
86.85,celsius,ThermalConductivity,W/m/K,0.12126
96.85,celsius,ThermalConductivity,W/m/K,0.11912
106.85,celsius,ThermalConductivity,W/m/K,0.11701
116.85,celsius,ThermalConductivity,W/m/K,0.11492
126.85,celsius,ThermalConductivity,W/m/K,0.11286
136.85,celsius,ThermalConductivity,W/m/K,0.11081
140,celsius,ThermalConductivity,W/m/K,0.11017
NaN,celsius,FreezePoint,celsius,-9.6
NaN,celsius,FlashPoint,celsius,71.0
NaN,celsius,BoilingPoint,celsius,216.0