Temperature,Density,VaporPressure,Viscosity,SurfaceTension,ThermalConductivity,HeatCapacity,DerivedCetaneNumber,FlashPoint,FreezePoint,SmokePoint,HeatOfCombustion
celsius,g/cm^3,kPa,mm^2/s,N/m,W/m/K,kJ/kg/K,dimensionless,celsius,celsius,mm,MJ/kg
-51,,,,,,,,,-51,,
-40,0.843866667,,9.2,,,,48.3,,,,
-20,0.829683333,,4.5,,,,,,,,
-10,,,,0.028,,1.89,,,,,
0,0.815116667,0.04835033,,,0.124230769,1.93,,,,,
10,,,,,,1.96,,,,,
20,0.8017,0.435152966,,,0.120192308,1.99,,,,22,
22,,,,0.0248,,,,,,,
25,,,,,,,,,,,43.058
30,,,,,,2.03,,,,,
40,0.787325,0.821955603,1.31,0.0236,0.116057692,2.07,,,,,
48,,,,,,,,48,,,
50,,,,,,2.11,,,,,
60,,2.272465491,,,0.112211538,2.15,,,,,
70,,,,,,2.19,,,,,
80,,4.931733619,,,,2.22,,,,,
90,,,,,,2.25,,,,,
100,,9.863467237,0.68,,,2.29,,,,,
120,,18.75992788,,,,2.32,,,,,
130,,,,,,2.37,,,,,
140,,,,,,2.41,,,,,
150,,,,,,2.45,,,,,
160,,,,,,2.49,,,,,
,,,,,,2.54,,,,,