Family,Carbon Number,Reference Compound,SMILES,Tc_Value,Tc_Error,Tc_Units,Tc_Source,Tc_Notes,Pc_Value,Pc_Error,Pc_Units,Pc_Source,Pc_Notes,Vc_Value,Vc_Error,Vc_Units,Vc_Source,Vc_Notes,Tm_Value,Tm_Error,Tm_Units,Tm_Source,Tm_Notes,Tb_Value,Tb_Error,Tb_Units,Tb_Source,Tb_Notes,Hf_STP_Value,Hf_STP_Error,Hf_STP_Units,Hf_STP_Source,Hf_STP_Notes,Hv_STP_Value,Hv_STP_Error,Hv_STP_Units,Hv_STP_Source,Hv_STP_Notes,Vm_STP_Value,Vm_STP_Error,Vm_STP_Units,Vm_STP_Source,Vm_STP_Notes,Omega_Value,Omega_Error,Omega_Units,Omega_Source,Omega_Notes,YSI_Value,YSI_Error,YSI_Units,YSI_Source,YSI_Notes,DCN_Value,DCN_Error,DCN_Units,DCN_Source,DCN_Notes
alkylbenzene,7,toluene,CC1=CC=CC=C1,,,,,,,,,,,,,,,,,,,,,,,,,,,,,,,,,,,,,,,,,,,,,,170.9,7.7,,https://dataverse.harvard.edu/dataset.xhtml?persistentId=doi:10.7910/DVN/7HGFT8,measured_name,9,3,,,literature_seed_VERIFY_vs_NREL_compendium
alkylbenzene,8,n-ethylbenzene,CCC1=CC=CC=C1,,,,,,,,,,,,,,,,,,,,,,,,,,,,,,,,,,,,,,,,,,,,,,223.7,9.3,,https://dataverse.harvard.edu/dataset.xhtml?persistentId=doi:10.7910/DVN/7HGFT9,measured_name,10.89473684,6,,,family_fit_alkyl_benzene
alkylbenzene,9,n-propylbenzene,CCCC1=CC=CC=C1,,,,,,,,,,,,,,,,,,,,,,,,,,,,,,,,,,,,,,,,,,,,,,235.7,9.9,,https://dataverse.harvard.edu/dataset.xhtml?persistentId=doi:10.7910/DVN/7HGFT10,measured_name,14.15789474,6,,,family_fit_alkyl_benzene
alkylbenzene,10,n-butylbenzene,CCCCC1=CC=CC=C1,,,,,,,,,,,,,,,,,,,,,,,,,,,,,,,,,,,,,,,,,,,,,,245.1,9.9,,https://dataverse.harvard.edu/dataset.xhtml?persistentId=doi:10.7910/DVN/7HGFT11,measured_formula_kw_butyl,14,3,,,literature_seed_VERIFY_vs_NREL_compendium
alkylbenzene,11,n-pentylbenzene,CCCCCC1=CC=CC=C1,,,,,,,,,,,,,,,,,,,,,,,,,,,,,,,,,,,,,,,,,,,,,,255,10.5,,https://dataverse.harvard.edu/dataset.xhtml?persistentId=doi:10.7910/DVN/7HGFT12,measured_formula_kw_pentyl,20.68421053,6,,,family_fit_alkyl_benzene
alkylbenzene,12,n-hexylbenzene,CCCCCCC1=CC=CC=C1,,,,,,,,,,,,,,,,,,,,,,,,,,,,,,,,,,,,,,,,,,,,,,246.7,9.9,,https://dataverse.harvard.edu/dataset.xhtml?persistentId=doi:10.7910/DVN/7HGFT13,measured_formula_kw_hexyl,26,6,,,literature_seed_VERIFY_vs_NREL_compendium
alkylbenzene,13,n-heptylbenzene,CCCCCCCC1=CC=CC=C1,,,,,,,,,,,,,,,,,,,,,,,,,,,,,,,,,,,,,,,,,,,,,,257.1,10.5,,https://dataverse.harvard.edu/dataset.xhtml?persistentId=doi:10.7910/DVN/7HGFT14,measured_formula_unique,27.21052632,6,,,family_fit_alkyl_benzene
alkylbenzene,14,n-octylbenzene,CCCCCCCCC1=CC=CC=C1,,,,,,,,,,,,,,,,,,,,,,,,,,,,,,,,,,,,,,,,,,,,,,257.1,10.5,,https://dataverse.harvard.edu/dataset.xhtml?persistentId=doi:10.7910/DVN/7HGFT15,measured_formula_unique,30.47368421,6,,,family_fit_alkyl_benzene
alkylbenzene,15,n-nonylbenzene,CCCCCCCCCC1=CC=CC=C1,,,,,,,,,,,,,,,,,,,,,,,,,,,,,,,,,,,,,,,,,,,,,,283.2,11.6,,https://dataverse.harvard.edu/dataset.xhtml?persistentId=doi:10.7910/DVN/7HGFT16,measured_formula_unique,33.73684211,6,,,family_fit_alkyl_benzene
alkylbenzene,16,n-decylbenzene,CCCCCCCCCCC1=CC=CC=C1,,,,,,,,,,,,,,,,,,,,,,,,,,,,,,,,,,,,,,,,,,,,,,283.2,11.6,,https://dataverse.harvard.edu/dataset.xhtml?persistentId=doi:10.7910/DVN/7HGFT17,measured_formula_unique,37,6,,,family_fit_alkyl_benzene
diaromatic,10,naphthalene,C1=CC=C2C=CC=CC2=C1,,,,,,,,,,,,,,,,,,,,,,,,,,,,,,,,,,,,,,,,,,,,,,466.1,8.4,,https://dataverse.harvard.edu/dataset.xhtml?persistentId=doi:10.7910/DVN/7HGFT18,measured_name,3,3,,,literature_seed_VERIFY_vs_NREL_compendium
diaromatic,11,1-methylnaphthalene,CC1=CC=C2C=CC=CC2=C1,,,,,,,,,,,,,,,,,,,,,,,,,,,,,,,,,,,,,,,,,,,,,,649.1,24.7,,https://dataverse.harvard.edu/dataset.xhtml?persistentId=doi:10.7910/DVN/7HGFT19,measured_name,3,3,,,literature_seed_VERIFY_vs_NREL_compendium
diaromatic,12,1-ethylnaphthalene,CCC1=CC=C2C=CC=CC2=C1,,,,,,,,,,,,,,,,,,,,,,,,,,,,,,,,,,,,,,,,,,,,,,732.7,27.4,,https://dataverse.harvard.edu/dataset.xhtml?persistentId=doi:10.7910/DVN/7HGFT20,measured_name,3,6,,,holdlargest_di_arom
diaromatic,13,1-propylnaphthalene,CCCC1=CC=C2C=CC=CC2=C1,,,,,,,,,,,,,,,,,,,,,,,,,,,,,,,,,,,,,,,,,,,,,,882.5666667,23.42880468,,https://dataverse.harvard.edu/dataset.xhtml?persistentId=doi:10.7910/DVN/7HGFT21,extrapolated_di_arom,3,6,,,holdlargest_di_arom
diaromatic,14,1-butylnaphthalene,CCCCC1=CC=C2C=CC=CC2=C1,,,,,,,,,,,,,,,,,,,,,,,,,,,,,,,,,,,,,,,,,,,,,,1015.866667,23.42880468,,https://dataverse.harvard.edu/dataset.xhtml?persistentId=doi:10.7910/DVN/7HGFT22,extrapolated_di_arom,3,6,,,holdlargest_di_arom
cycloaromatic,9,indane,C1CCC2=CC=CC=C12,,,,,,,,,,,,,,,,,,,,,,,,,,,,,,,,,,,,,,,,,,,,,,439.5,16.6,,https://dataverse.harvard.edu/dataset.xhtml?persistentId=doi:10.7910/DVN/7HGFT23,measured_name,11,6,,,holdlargest_cyclo_arom
cycloaromatic,10,tetralin,C1CCC2=CC=CC=C2C1,,,,,,,,,,,,,,,,,,,,,,,,,,,,,,,,,,,,,,,,,,,,,,336,13.4,,https://dataverse.harvard.edu/dataset.xhtml?persistentId=doi:10.7910/DVN/7HGFT24,measured_name,11,4,,,literature_seed_VERIFY_vs_NREL_compendium
cycloaromatic,11,2-methyltetralin,CC1CCC2=CC=CC=C2C1,,,,,,,,,,,,,,,,,,,,,,,,,,,,,,,,,,,,,,,,,,,,,,336,13.4,,https://dataverse.harvard.edu/dataset.xhtml?persistentId=doi:10.7910/DVN/7HGFT25,holdlargest_cyclo_arom,11,6,,,holdlargest_cyclo_arom
cycloaromatic,12,2-ethyltetralin,CCC1CCC2=CC=CC=C2C1,,,,,,,,,,,,,,,,,,,,,,,,,,,,,,,,,,,,,,,,,,,,,,336,13.4,,https://dataverse.harvard.edu/dataset.xhtml?persistentId=doi:10.7910/DVN/7HGFT26,holdlargest_cyclo_arom,11,6,,,holdlargest_cyclo_arom
cycloaromatic,13,2-propyltetralin,CCCC1CCC2=CC=CC=C2C1,,,,,,,,,,,,,,,,,,,,,,,,,,,,,,,,,,,,,,,,,,,,,,336,13.4,,https://dataverse.harvard.edu/dataset.xhtml?persistentId=doi:10.7910/DVN/7HGFT27,holdlargest_cyclo_arom,11,6,,,holdlargest_cyclo_arom
cycloaromatic,14,2-butyltetralin,CCCCC1CCC2=CC=CC=C2C1,,,,,,,,,,,,,,,,,,,,,,,,,,,,,,,,,,,,,,,,,,,,,,336,13.4,,https://dataverse.harvard.edu/dataset.xhtml?persistentId=doi:10.7910/DVN/7HGFT28,holdlargest_cyclo_arom,11,6,,,holdlargest_cyclo_arom
cycloaromatic,15,2-pentyltetralin,CCCCCC1CCC2=CC=CC=C2C1,,,,,,,,,,,,,,,,,,,,,,,,,,,,,,,,,,,,,,,,,,,,,,336,13.4,,https://dataverse.harvard.edu/dataset.xhtml?persistentId=doi:10.7910/DVN/7HGFT29,holdlargest_cyclo_arom,11,6,,,holdlargest_cyclo_arom
isoalkane,7,2-methylhexane,CC(C)CCCC,,,,,,,,,,,,,,,,,,,,,,,,,,,,,,,,,,,,,,,,,,,,,,42.4,2,,https://dataverse.harvard.edu/dataset.xhtml?persistentId=doi:10.7910/DVN/7HGFT30,measured_name,26.51578947,10,,,offset_rule_jet_multibranched_CALIBRATED
isoalkane,8,2-methylheptane,CC(C)CCCCC,,,,,,,,,,,,,,,,,,,,,,,,,,,,,,,,,,,,,,,,,,,,,,49.4,2,,https://dataverse.harvard.edu/dataset.xhtml?persistentId=doi:10.7910/DVN/7HGFT31,measured_name,31.64736842,10,,,offset_rule_jet_multibranched_CALIBRATED
isoalkane,9,2-methyloctane,CC(C)CCCCCC,,,,,,,,,,,,,,,,,,,,,,,,,,,,,,,,,,,,,,,,,,,,,,60.2,2,,https://dataverse.harvard.edu/dataset.xhtml?persistentId=doi:10.7910/DVN/7HGFT32,measured_formula_kw_methyl,36.77894737,10,,,offset_rule_jet_multibranched_CALIBRATED
isoalkane,10,2-methylnonane,CC(C)CCCCCCC,,,,,,,,,,,,,,,,,,,,,,,,,,,,,,,,,,,,,,,,,,,,,,57.2,2,,https://dataverse.harvard.edu/dataset.xhtml?persistentId=doi:10.7910/DVN/7HGFT33,measured_formula_unique,41.91052632,10,,,offset_rule_jet_multibranched_CALIBRATED
isoalkane,11,2-methyldecane,CC(C)CCCCCCCC,,,,,,,,,,,,,,,,,,,,,,,,,,,,,,,,,,,,,,,,,,,,,,64.7,2,,https://dataverse.harvard.edu/dataset.xhtml?persistentId=doi:10.7910/DVN/7HGFT34,measured_formula_unique,47.04210526,10,,,offset_rule_jet_multibranched_CALIBRATED
isoalkane,12,2-methylundecane,CC(C)CCCCCCCCC,,,,,,,,,,,,,,,,,,,,,,,,,,,,,,,,,,,,,,,,,,,,,,99.3,2.9,,https://dataverse.harvard.edu/dataset.xhtml?persistentId=doi:10.7910/DVN/7HGFT35,measured_formula_kw_methyl,52.17368421,10,,,offset_rule_jet_multibranched_CALIBRATED
isoalkane,13,2-methyldodecane,CC(C)CCCCCCCCCC,,,,,,,,,,,,,,,,,,,,,,,,,,,,,,,,,,,,,,,,,,,,,,94.94,8.526853939,,https://dataverse.harvard.edu/dataset.xhtml?persistentId=doi:10.7910/DVN/7HGFT36,extrapolated_iso_alkane,57.30526316,10,,,offset_rule_jet_multibranched_CALIBRATED
isoalkane,14,2-methyltridecane,CC(C)CCCCCCCCCCC,,,,,,,,,,,,,,,,,,,,,,,,,,,,,,,,,,,,,,,,,,,,,,104.2942857,8.526853939,,https://dataverse.harvard.edu/dataset.xhtml?persistentId=doi:10.7910/DVN/7HGFT37,extrapolated_iso_alkane,62.43684211,10,,,offset_rule_jet_multibranched_CALIBRATED
isoalkane,15,2-methyltetradecane,CC(C)CCCCCCCCCCCC,,,,,,,,,,,,,,,,,,,,,,,,,,,,,,,,,,,,,,,,,,,,,,113.6485714,8.526853939,,https://dataverse.harvard.edu/dataset.xhtml?persistentId=doi:10.7910/DVN/7HGFT38,extrapolated_iso_alkane,67.56842105,10,,,offset_rule_jet_multibranched_CALIBRATED
isoalkane,16,2-methylpentadecane,CC(C)CCCCCCCCCCCCC,,,,,,,,,,,,,,,,,,,,,,,,,,,,,,,,,,,,,,,,,,,,,,123.0028571,8.526853939,,https://dataverse.harvard.edu/dataset.xhtml?persistentId=doi:10.7910/DVN/7HGFT39,extrapolated_iso_alkane,72.7,10,,,offset_rule_jet_multibranched_CALIBRATED
isoalkane,17,2-methylhexadecane,CC(C)CCCCCCCCCCCCCC,,,,,,,,,,,,,,,,,,,,,,,,,,,,,,,,,,,,,,,,,,,,,,132.3571429,8.526853939,,https://dataverse.harvard.edu/dataset.xhtml?persistentId=doi:10.7910/DVN/7HGFT40,extrapolated_iso_alkane,77.83157895,10,,,offset_rule_jet_multibranched_CALIBRATED
isoalkane,18,2-methylheptadecane,CC(C)CCCCCCCCCCCCCCC,,,,,,,,,,,,,,,,,,,,,,,,,,,,,,,,,,,,,,,,,,,,,,141.7114286,8.526853939,,https://dataverse.harvard.edu/dataset.xhtml?persistentId=doi:10.7910/DVN/7HGFT41,extrapolated_iso_alkane,82.96315789,10,,,offset_rule_jet_multibranched_CALIBRATED
isoalkane,19,2-methyloctadecane,CC(C)CCCCCCCCCCCCCCCC,,,,,,,,,,,,,,,,,,,,,,,,,,,,,,,,,,,,,,,,,,,,,,151.0657143,8.526853939,,https://dataverse.harvard.edu/dataset.xhtml?persistentId=doi:10.7910/DVN/7HGFT42,extrapolated_iso_alkane,88.09473684,10,,,offset_rule_jet_multibranched_CALIBRATED
isoalkane,20,2-methylnonadecane,CC(C)CCCCCCCCCCCCCCCCC,,,,,,,,,,,,,,,,,,,,,,,,,,,,,,,,,,,,,,,,,,,,,,160.42,8.526853939,,https://dataverse.harvard.edu/dataset.xhtml?persistentId=doi:10.7910/DVN/7HGFT43,extrapolated_iso_alkane,93.22631579,10,,,offset_rule_jet_multibranched_CALIBRATED
isoalkane,21,2-methylicosane,CC(C)CCCCCCCCCCCCCCCCCC,,,,,,,,,,,,,,,,,,,,,,,,,,,,,,,,,,,,,,,,,,,,,,169.7742857,8.526853939,,https://dataverse.harvard.edu/dataset.xhtml?persistentId=doi:10.7910/DVN/7HGFT44,extrapolated_iso_alkane,98.35789474,10,,,offset_rule_jet_multibranched_CALIBRATED
isoalkane,22,2-methylhenicosane,CC(C)CCCCCCCCCCCCCCCCCCC,,,,,,,,,,,,,,,,,,,,,,,,,,,,,,,,,,,,,,,,,,,,,,179.1285714,8.526853939,,https://dataverse.harvard.edu/dataset.xhtml?persistentId=doi:10.7910/DVN/7HGFT45,extrapolated_iso_alkane,103.4894737,10,,,offset_rule_jet_multibranched_CALIBRATED
isoalkane,23,2-methyldocosane,CC(C)CCCCCCCCCCCCCCCCCCCC,,,,,,,,,,,,,,,,,,,,,,,,,,,,,,,,,,,,,,,,,,,,,,188.4828571,8.526853939,,https://dataverse.harvard.edu/dataset.xhtml?persistentId=doi:10.7910/DVN/7HGFT46,extrapolated_iso_alkane,105,10,,,offset_rule_jet_multibranched_CALIBRATED+capped_105
isoalkane,24,2-methyltricosane,CC(C)CCCCCCCCCCCCCCCCCCCCC,,,,,,,,,,,,,,,,,,,,,,,,,,,,,,,,,,,,,,,,,,,,,,197.8371429,8.526853939,,https://dataverse.harvard.edu/dataset.xhtml?persistentId=doi:10.7910/DVN/7HGFT47,extrapolated_iso_alkane,105,10,,,offset_rule_jet_multibranched_CALIBRATED+capped_105
n-alkane,7,n-heptane,CCCCCCC,,,,,,,,,,,,,,,,-90.549,,celsius,"Haynes, W.M. (ed.). CRC Handbook of Chemistry and Physics. 94th Edition. CRC Press LLC, Boca Raton: FL 2013-2014, p. 3-290 (PCLID 900079598)",,98.38,,celsius,"Haynes, W.M. (ed.). CRC Handbook of Chemistry and Physics. 94th Edition. CRC Press LLC, Boca Raton: FL 2013-2014, p. 3-290 (PCLID 900079598)",,,,,,,,,,,,,,,,,,,,,,36,2.2,,https://dataverse.harvard.edu/dataset.xhtml?persistentId=doi:10.7910/DVN/7HGFT48,measured_name,53.8,1.5,,,literature_seed_VERIFY_vs_NREL_compendium
n-alkane,8,n-octane,CCCCCCCC,,,,,,,,,,,,,,,,,,,,,125.62,,celsius,"Haynes, W.M. (ed.). CRC Handbook of Chemistry and Physics. 94th Edition. CRC Press LLC, Boca Raton: FL 2013-2014, p. 3-426 (PCLID 900036013)",,,,,,,,,,,,,,,,,,,,,,42.6,2,,https://dataverse.harvard.edu/dataset.xhtml?persistentId=doi:10.7910/DVN/7HGFT49,measured_name,56.64736842,4,,,family_fit_n_alkane
n-alkane,9,n-nonane,CCCCCCCCC,,,,,,,,,,,,,,,,,,,,,,,,,,,,,,,,,,,,,,,,,,,,,,50.1,2,,https://dataverse.harvard.edu/dataset.xhtml?persistentId=doi:10.7910/DVN/7HGFT50,measured_name,61.77894737,4,,,family_fit_n_alkane
n-alkane,10,n-decane,CCCCCCCCCC,,,,,,,,,,,,,,,,,,,,,,,,,,,,,,,,,,,,,,,,,,,,,,57.2,2,,https://dataverse.harvard.edu/dataset.xhtml?persistentId=doi:10.7910/DVN/7HGFT51,measured_name,65.8,3,,,literature_seed_VERIFY_vs_NREL_compendium
n-alkane,11,n-undecane,CCCCCCCCCCC,,,,,,,,,,,,,,,,,,,,,,,,,,,,,,,,,,,,,,,,,,,,,,64.7,2,,https://dataverse.harvard.edu/dataset.xhtml?persistentId=doi:10.7910/DVN/7HGFT52,measured_name,72.04210526,4,,,family_fit_n_alkane
n-alkane,12,n-dodecane,CCCCCCCCCCCC,,,,,,,,,,,,,,,,,,,,,,,,,,,,,,,,,,,,,,,,,,,,,,71.7,2.1,,https://dataverse.harvard.edu/dataset.xhtml?persistentId=doi:10.7910/DVN/7HGFT53,measured_name,73.7,2,,,literature_seed_VERIFY_vs_NREL_compendium
n-alkane,13,n-tridecane,CCCCCCCCCCCCC,,,,,,,,,,,,,,,,,,,,,,,,,,,,,,,,,,,,,,,,,,,,,,78.90666667,0.195017297,,https://dataverse.harvard.edu/dataset.xhtml?persistentId=doi:10.7910/DVN/7HGFT54,extrapolated_n_alkane,82.30526316,4,,,family_fit_n_alkane
n-alkane,14,n-tetradecane,CCCCCCCCCCCCCC,,,,,,,,,,,,,,,,,,,,,,,,,,,,,,,,,,,,,,,,,,,,,,86.10380952,0.195017297,,https://dataverse.harvard.edu/dataset.xhtml?persistentId=doi:10.7910/DVN/7HGFT55,extrapolated_n_alkane,87.43684211,4,,,family_fit_n_alkane
n-alkane,15,n-pentadecane,CCCCCCCCCCCCCCC,,,,,,,,,,,,,,,,,,,,,,,,,,,,,,,,,,,,,,,,,,,,,,93.30095238,0.195017297,,https://dataverse.harvard.edu/dataset.xhtml?persistentId=doi:10.7910/DVN/7HGFT56,extrapolated_n_alkane,92.56842105,4,,,family_fit_n_alkane
n-alkane,16,n-hexadecane,CCCCCCCCCCCCCCCC,,,,,,,,,,,,,,,,,,,,,,,,,,,,,,,,,,,,,,,,,,,,,,100.4980952,0.195017297,,https://dataverse.harvard.edu/dataset.xhtml?persistentId=doi:10.7910/DVN/7HGFT57,extrapolated_n_alkane,100,2,,,literature_seed_VERIFY_vs_NREL_compendium
n-alkane,17,n-heptadecane,CCCCCCCCCCCCCCCCC,,,,,,,,,,,,,,,,,,,,,,,,,,,,,,,,,,,,,,,,,,,,,,107.6952381,0.195017297,,https://dataverse.harvard.edu/dataset.xhtml?persistentId=doi:10.7910/DVN/7HGFT58,extrapolated_n_alkane,102.8315789,4,,,family_fit_n_alkane
n-alkane,18,n-octadecane,CCCCCCCCCCCCCCCCCC,,,,,,,,,,,,,,,,,,,,,,,,,,,,,,,,,,,,,,,,,,,,,,114.892381,0.195017297,,https://dataverse.harvard.edu/dataset.xhtml?persistentId=doi:10.7910/DVN/7HGFT59,extrapolated_n_alkane,105,4,,,family_fit_n_alkane+capped_105
n-alkane,19,n-nonadecane,CCCCCCCCCCCCCCCCCCC,,,,,,,,,,,,,,,,,,,,,,,,,,,,,,,,,,,,,,,,,,,,,,122.0895238,0.195017297,,https://dataverse.harvard.edu/dataset.xhtml?persistentId=doi:10.7910/DVN/7HGFT60,extrapolated_n_alkane,105,4,,,family_fit_n_alkane+capped_105
n-alkane,20,n-icosane,CCCCCCCCCCCCCCCCCCCC,,,,,,,,,,,,,,,,,,,,,,,,,,,,,,,,,,,,,,,,,,,,,,129.2866667,0.195017297,,https://dataverse.harvard.edu/dataset.xhtml?persistentId=doi:10.7910/DVN/7HGFT61,extrapolated_n_alkane,105,4,,,family_fit_n_alkane+capped_105
n-alkane,21,n-henicosane,CCCCCCCCCCCCCCCCCCCCC,,,,,,,,,,,,,,,,,,,,,,,,,,,,,,,,,,,,,,,,,,,,,,136.4838095,0.195017297,,https://dataverse.harvard.edu/dataset.xhtml?persistentId=doi:10.7910/DVN/7HGFT62,extrapolated_n_alkane,105,4,,,family_fit_n_alkane+capped_105
n-alkane,22,n-docosane,CCCCCCCCCCCCCCCCCCCCCC,,,,,,,,,,,,,,,,,,,,,,,,,,,,,,,,,,,,,,,,,,,,,,143.6809524,0.195017297,,https://dataverse.harvard.edu/dataset.xhtml?persistentId=doi:10.7910/DVN/7HGFT63,extrapolated_n_alkane,105,4,,,family_fit_n_alkane+capped_105
n-alkane,23,n-tricosane,CCCCCCCCCCCCCCCCCCCCCCC,,,,,,,,,,,,,,,,,,,,,,,,,,,,,,,,,,,,,,,,,,,,,,150.8780952,0.195017297,,https://dataverse.harvard.edu/dataset.xhtml?persistentId=doi:10.7910/DVN/7HGFT64,extrapolated_n_alkane,105,4,,,family_fit_n_alkane+capped_105
monocycloalkane,7,methylcyclohexane,CC1CCCCC1,,,,,,,,,,,,,,,,,,,,,,,,,,,,,,,,,,,,,,,,,,,,,,53.6,2,,https://dataverse.harvard.edu/dataset.xhtml?persistentId=doi:10.7910/DVN/7HGFT65,measured_name,21,3,,,literature_seed_VERIFY_vs_NREL_compendium
monocycloalkane,8,ethylcyclohexane,CCC1CCCCC1,,,,,,,,,,,,,,,,,,,,,,,,,,,,,,,,,,,,,,,,,,,,,,60.7,2,,https://dataverse.harvard.edu/dataset.xhtml?persistentId=doi:10.7910/DVN/7HGFT66,measured_name,29.66666667,6,,,piecewise_fit_mono_cyclo
monocycloalkane,9,n-propylcyclohexane,CCCC1CCCCC1,,,,,,,,,,,,,,,,,,,,,,,,,,,,,,,,,,,,,,,,,,,,,,69.2,2.1,,https://dataverse.harvard.edu/dataset.xhtml?persistentId=doi:10.7910/DVN/7HGFT67,measured_name,38.33333333,6,,,piecewise_fit_mono_cyclo
monocycloalkane,10,n-butylcyclohexane,CCCCC1CCCCC1,,,,,,,,,,,,,,,,,,,,,,,,,,,,,,,,,,,,,,,,,,,,,,76.8,2.2,,https://dataverse.harvard.edu/dataset.xhtml?persistentId=doi:10.7910/DVN/7HGFT68,measured_name,47,4,,,literature_seed_VERIFY_vs_NREL_compendium
monocycloalkane,11,n-pentylcyclohexane,CCCCCC1CCCCC1,,,,,,,,,,,,,,,,,,,,,,,,,,,,,,,,,,,,,,,,,,,,,,83.45945946,0.553221523,,https://dataverse.harvard.edu/dataset.xhtml?persistentId=doi:10.7910/DVN/7HGFT69,extrapolated_mono_cyclo,52.13157895,6,,,piecewise_fit_mono_cyclo
monocycloalkane,12,n-hexylcyclohexane,CCCCCCC1CCCCC1,,,,,,,,,,,,,,,,,,,,,,,,,,,,,,,,,,,,,,,,,,,,,,90.3,2.6,,https://dataverse.harvard.edu/dataset.xhtml?persistentId=doi:10.7910/DVN/7HGFT70,measured_formula_unique,57.26315789,6,,,piecewise_fit_mono_cyclo
monocycloalkane,13,n-heptylcyclohexane,CCCCCCCC1CCCCC1,,,,,,,,,,,,,,,,,,,,,,,,,,,,,,,,,,,,,,,,,,,,,,98.28108108,0.553221523,,https://dataverse.harvard.edu/dataset.xhtml?persistentId=doi:10.7910/DVN/7HGFT71,extrapolated_mono_cyclo,62.39473684,6,,,piecewise_fit_mono_cyclo
monocycloalkane,14,n-octylcyclohexane,CCCCCCCCC1CCCCC1,,,,,,,,,,,,,,,,,,,,,,,,,,,,,,,,,,,,,,,,,,,,,,105.6918919,0.553221523,,https://dataverse.harvard.edu/dataset.xhtml?persistentId=doi:10.7910/DVN/7HGFT72,extrapolated_mono_cyclo,67.52631579,6,,,piecewise_fit_mono_cyclo
monocycloalkane,15,n-nonylcyclohexane,CCCCCCCCCC1CCCCC1,,,,,,,,,,,,,,,,,,,,,,,,,,,,,,,,,,,,,,,,,,,,,,113.1027027,0.553221523,,https://dataverse.harvard.edu/dataset.xhtml?persistentId=doi:10.7910/DVN/7HGFT73,extrapolated_mono_cyclo,72.65789474,6,,,piecewise_fit_mono_cyclo
monocycloalkane,16,n-decylcyclohexane,CCCCCCCCCCC1CCCCC1,,,,,,,,,,,,,,,,,,,,,,,,,,,,,,,,,,,,,,,,,,,,,,120.5135135,0.553221523,,https://dataverse.harvard.edu/dataset.xhtml?persistentId=doi:10.7910/DVN/7HGFT74,extrapolated_mono_cyclo,77.78947368,6,,,piecewise_fit_mono_cyclo
monocycloalkane,17,n-undecylcyclohexane,CCCCCCCCCCCC1CCCCC1,,,,,,,,,,,,,,,,,,,,,,,,,,,,,,,,,,,,,,,,,,,,,,127.9243243,0.553221523,,https://dataverse.harvard.edu/dataset.xhtml?persistentId=doi:10.7910/DVN/7HGFT75,extrapolated_mono_cyclo,82.92105263,6,,,piecewise_fit_mono_cyclo
monocycloalkane,18,n-dodecylcyclohexane,CCCCCCCCCCCCC1CCCCC1,,,,,,,,,,,,,,,,,,,,,,,,,,,,,,,,,,,,,,,,,,,,,,135.3351351,0.553221523,,https://dataverse.harvard.edu/dataset.xhtml?persistentId=doi:10.7910/DVN/7HGFT76,extrapolated_mono_cyclo,88.05263158,6,,,piecewise_fit_mono_cyclo
monocycloalkane,19,n-tridecylcyclohexane,CCCCCCCCCCCCCC1CCCCC1,,,,,,,,,,,,,,,,,,,,,,,,,,,,,,,,,,,,,,,,,,,,,,142.7459459,0.553221523,,https://dataverse.harvard.edu/dataset.xhtml?persistentId=doi:10.7910/DVN/7HGFT77,extrapolated_mono_cyclo,93.18421053,6,,,piecewise_fit_mono_cyclo
dicycloalkane,8,octahydropentalene,C1CC2CCCC2C1,,,,,,,,,,,,,,,,,,,,,,,,,,,,,,,,,,,,,,,,,,,,,,100.3,3.5,,https://dataverse.harvard.edu/dataset.xhtml?persistentId=doi:10.7910/DVN/7HGFT78,holdlargest_di_cyclo,18.66666667,7,,,offset_rule_dicyclo_from_mono_minus_11
dicycloalkane,9,hydrindane,C1CCC2CCCC2C1,,,,,,,,,,,,,,,,,,,,,,,,,,,,,,,,,,,,,,,,,,,,,,100.3,3.5,,https://dataverse.harvard.edu/dataset.xhtml?persistentId=doi:10.7910/DVN/7HGFT79,holdlargest_di_cyclo,27.33333333,7,,,offset_rule_dicyclo_from_mono_minus_11
dicycloalkane,10,decalin,C1CCC2CCCCC2C1,,,,,,,,,,,,,,,,,,,,,,,,,,,,,,,,,,,,,,,,,,,,,,100.3,3.5,,https://dataverse.harvard.edu/dataset.xhtml?persistentId=doi:10.7910/DVN/7HGFT80,holdlargest_di_cyclo,36,4,,,literature_seed_VERIFY_vs_NREL_compendium
dicycloalkane,11,2-methyldecalin,CC1CCC2CCCCC2C1,,,,,,,,,,,,,,,,,,,,,,,,,,,,,,,,,,,,,,,,,,,,,,100.3,3.5,,https://dataverse.harvard.edu/dataset.xhtml?persistentId=doi:10.7910/DVN/7HGFT81,holdlargest_di_cyclo,41.13157895,7,,,offset_rule_dicyclo_from_mono_minus_11
dicycloalkane,12,2-ethyldecalin,CCC1CCC2CCCCC2C1,,,,,,,,,,,,,,,,,,,,,,,,,,,,,,,,,,,,,,,,,,,,,,100.3,3.5,,https://dataverse.harvard.edu/dataset.xhtml?persistentId=doi:10.7910/DVN/7HGFT82,measured_formula_unique,46.26315789,7,,,offset_rule_dicyclo_from_mono_minus_11
dicycloalkane,13,2-propyldecalin,CCCC1CCC2CCCCC2C1,,,,,,,,,,,,,,,,,,,,,,,,,,,,,,,,,,,,,,,,,,,,,,100.3,3.5,,https://dataverse.harvard.edu/dataset.xhtml?persistentId=doi:10.7910/DVN/7HGFT83,holdlargest_di_cyclo,51.39473684,7,,,offset_rule_dicyclo_from_mono_minus_11
dicycloalkane,14,2-butyldecalin,CCCCC1CCC2CCCCC2C1,,,,,,,,,,,,,,,,,,,,,,,,,,,,,,,,,,,,,,,,,,,,,,100.3,3.5,,https://dataverse.harvard.edu/dataset.xhtml?persistentId=doi:10.7910/DVN/7HGFT84,holdlargest_di_cyclo,56.52631579,7,,,offset_rule_dicyclo_from_mono_minus_11
dicycloalkane,15,2-pentyldecalin,CCCCCC1CCC2CCCCC2C1,,,,,,,,,,,,,,,,,,,,,,,,,,,,,,,,,,,,,,,,,,,,,,100.3,3.5,,https://dataverse.harvard.edu/dataset.xhtml?persistentId=doi:10.7910/DVN/7HGFT85,holdlargest_di_cyclo,61.65789474,7,,,offset_rule_dicyclo_from_mono_minus_11
dicycloalkane,16,2-hexyldecalin,CCCCCCC1CCC2CCCCC2C1,,,,,,,,,,,,,,,,,,,,,,,,,,,,,,,,,,,,,,,,,,,,,,100.3,3.5,,https://dataverse.harvard.edu/dataset.xhtml?persistentId=doi:10.7910/DVN/7HGFT86,holdlargest_di_cyclo,66.78947368,7,,,offset_rule_dicyclo_from_mono_minus_11
dicycloalkane,17,2-heptyldecalin,CCCCCCCC1CCC2CCCCC2C1,,,,,,,,,,,,,,,,,,,,,,,,,,,,,,,,,,,,,,,,,,,,,,100.3,3.5,,https://dataverse.harvard.edu/dataset.xhtml?persistentId=doi:10.7910/DVN/7HGFT87,holdlargest_di_cyclo,71.92105263,7,,,offset_rule_dicyclo_from_mono_minus_11
tricycloalkane,10,"tricyclo[5.3.0.0~2,6~]decane",C1CC2C(C1)C1CCCC21,,,,,,,,,,,,,,,,,,,,,,,,,,,,,,,,,,,,,,,,,,,,,,98.86324324,0.343093424,,https://dataverse.harvard.edu/dataset.xhtml?persistentId=doi:10.7910/DVN/7HGFT88,crossfill_tri_cyclo_from_mono_cyclo_x1.3,21,5,,,literature_seed_JP10_analog_VERIFY
tricycloalkane,11,decahydro-1H-cyclopenta[a]pentalene,C1CC2CC3CCCC3C2C1,,,,,,,,,,,,,,,,,,,,,,,,,,,,,,,,,,,,,,,,,,,,,,108.4972973,0.343093424,,https://dataverse.harvard.edu/dataset.xhtml?persistentId=doi:10.7910/DVN/7HGFT89,crossfill_tri_cyclo_from_mono_cyclo_x1.3,26.13157895,8,,,offset_rule_tricyclo_from_mono_minus_26
tricycloalkane,12,perhydro-s-indacene,C1CC2CC3CCCC3CC2C1,,,,,,,,,,,,,,,,,,,,,,,,,,,,,,,,,,,,,,,,,,,,,,118.1313514,0.343093424,,https://dataverse.harvard.edu/dataset.xhtml?persistentId=doi:10.7910/DVN/7HGFT90,crossfill_tri_cyclo_from_mono_cyclo_x1.3,31.26315789,8,,,offset_rule_tricyclo_from_mono_minus_26
tricycloalkane,13,perhydrophenanthrene,C1CCC2C(C1)CC1CCCCC12,,,,,,,,,,,,,,,,,,,,,,,,,,,,,,,,,,,,,,,,,,,,,,127.7654054,0.343093424,,https://dataverse.harvard.edu/dataset.xhtml?persistentId=doi:10.7910/DVN/7HGFT91,crossfill_tri_cyclo_from_mono_cyclo_x1.3,36.39473684,8,,,offset_rule_tricyclo_from_mono_minus_26
tricycloalkane,14,perhydroanthracene,C1CCC2CC3CCCCC3CC2C1,,,,,,,,,,,,,,,,,,,,,,,,,,,,,,,,,,,,,,,,,,,,,,127.7654054,0.343093424,,https://dataverse.harvard.edu/dataset.xhtml?persistentId=doi:10.7910/DVN/7HGFT92,crossfill_tri_cyclo_from_mono_cyclo_x1.3,36.39473684,8,,,offset_rule_tricyclo_from_mono_minus_26
alkene,10,1-decene,CCCCCCCCC=C,,,,,,,,,,,,,,,,,,,,,,,,,,,,,,,,,,,,,,,,,,,,,,74.8,2.2,,https://dataverse.harvard.edu/dataset.xhtml?persistentId=doi:10.7910/DVN/7HGFT93,measured_name,51.91052632,10,,,offset_rule_1alkene_from_n_alkane
alkene,12,1-dodecene,CCCCCCCCCCC=C,,,,,,,,,,,,,,,,,,,,,,,,,,,,,,,,,,,,,,,,,,,,,,90.3,2.6,,https://dataverse.harvard.edu/dataset.xhtml?persistentId=doi:10.7910/DVN/7HGFT94,measured_name,62.17368421,10,,,offset_rule_1alkene_from_n_alkane
alkene,14,1-tetradecene,CCCCCCCCCCCCC=C,,,,,,,,,,,,,,,,,,,,,,,,,,,,,,,,,,,,,,,,,,,,,,90.3,2.6,,https://dataverse.harvard.edu/dataset.xhtml?persistentId=doi:10.7910/DVN/7HGFT95,holdlargest_alkene,72.43684211,10,,,offset_rule_1alkene_from_n_alkane
alkene,16,1-hexadecene,CCCCCCCCCCCCCCC=C,,,,,,,,,,,,,,,,,,,,,,,,,,,,,,,,,,,,,,,,,,,,,,90.3,2.6,,https://dataverse.harvard.edu/dataset.xhtml?persistentId=doi:10.7910/DVN/7HGFT96,holdlargest_alkene,82.7,10,,,offset_rule_1alkene_from_n_alkane